spectrum_identity,spectrum_id,organization,spectrum_type,instrument_used,spectral_resolution,number_of_accumulations,material_form,color,instrument_mode,other_information,material_producer,rid,contact_info,cas_number,material_purity,material_quality,instrument_accessories,laser_light_used,total_acquisition_time_s,data_processing_procedure,level_of_confidence_in_identification,smoother,baseline,range,time_stamp,sample_name,rsq,clust_ix
HDPE,HDPESample 1Beauty C,Chabuka et al. 2020,FTIR,ThermalNicolet Nexus 670 FT-IR,4/cm,3.0,,,,,,,,,,,,,,,,,,,,1,,1
HDPE,HDPESample 2Beauty C,Chabuka et al. 2020,FTIR,ThermalNicolet Nexus 670 FT-IR,4/cm,3.0,,,,,,,,,,,,,,,,,,,,2,,1
HDPE,HDPESample 3Beauty C,Chabuka et al. 2020,FTIR,ThermalNicolet Nexus 670 FT-IR,4/cm,3.0,,,,,,,,,,,,,,,,,,,,3,,1
HDPE,HDPESample 4Beauty C,Chabuka et al. 2020,FTIR,ThermalNicolet Nexus 670 FT-IR,4/cm,3.0,,,,,,,,,,,,,,,,,,,,4,,1
HDPE,HDPESample 5Beauty C,Chabuka et al. 2020,FTIR,ThermalNicolet Nexus 670 FT-IR,4/cm,3.0,,,,,,,,,,,,,,,,,,,,5,,1
HDPE,HDPESample 6Beauty C,Chabuka et al. 2020,FTIR,ThermalNicolet Nexus 670 FT-IR,4/cm,3.0,,,,,,,,,,,,,,,,,,,,6,,1
HDPE,HDPESample 7Beauty C,Chabuka et al. 2020,FTIR,ThermalNicolet Nexus 670 FT-IR,4/cm,3.0,,,,,,,,,,,,,,,,,,,,7,,1
HDPE,HDPESample 8Beauty C,Chabuka et al. 2020,FTIR,ThermalNicolet Nexus 670 FT-IR,4/cm,3.0,,,,,,,,,,,,,,,,,,,,8,,1
HDPE,HDPESample 9Beauty C,Chabuka et al. 2020,FTIR,ThermalNicolet Nexus 670 FT-IR,4/cm,3.0,,,,,,,,,,,,,,,,,,,,9,,1
HDPE,HDPESample 10Beauty C,Chabuka et al. 2020,FTIR,ThermalNicolet Nexus 670 FT-IR,4/cm,3.0,,,,,,,,,,,,,,,,,,,,10,,1
HDPE,HDPESample 11Beauty C,Chabuka et al. 2020,FTIR,ThermalNicolet Nexus 670 FT-IR,4/cm,3.0,,,,,,,,,,,,,,,,,,,,11,,1
HDPE,HDPESample 12Beauty C,Chabuka et al. 2020,FTIR,ThermalNicolet Nexus 670 FT-IR,4/cm,3.0,,,,,,,,,,,,,,,,,,,,12,,1
HDPE,HDPESample 13Beauty C,Chabuka et al. 2020,FTIR,ThermalNicolet Nexus 670 FT-IR,4/cm,3.0,,,,,,,,,,,,,,,,,,,,13,,1
HDPE,HDPESample 14Beauty C,Chabuka et al. 2020,FTIR,ThermalNicolet Nexus 670 FT-IR,4/cm,3.0,,,,,,,,,,,,,,,,,,,,14,,1
HDPE,HDPESample 15Beauty C,Chabuka et al. 2020,FTIR,ThermalNicolet Nexus 670 FT-IR,4/cm,3.0,,,,,,,,,,,,,,,,,,,,15,,1
HDPE,HDPESample 16Beauty C,Chabuka et al. 2020,FTIR,ThermalNicolet Nexus 670 FT-IR,4/cm,3.0,,,,,,,,,,,,,,,,,,,,16,,1
HDPE,HDPESample 17Beauty C,Chabuka et al. 2020,FTIR,ThermalNicolet Nexus 670 FT-IR,4/cm,3.0,,,,,,,,,,,,,,,,,,,,17,,1
HDPE,HDPESample 18Beauty C,Chabuka et al. 2020,FTIR,ThermalNicolet Nexus 670 FT-IR,4/cm,3.0,,,,,,,,,,,,,,,,,,,,18,,1
HDPE,HDPESample 19Beauty C,Chabuka et al. 2020,FTIR,ThermalNicolet Nexus 670 FT-IR,4/cm,3.0,,,,,,,,,,,,,,,,,,,,19,,1
HDPE,HDPESample 20Beauty C,Chabuka et al. 2020,FTIR,ThermalNicolet Nexus 670 FT-IR,4/cm,3.0,,,,,,,,,,,,,,,,,,,,20,,1
HDPE,HDPESample 21Beauty C,Chabuka et al. 2020,FTIR,ThermalNicolet Nexus 670 FT-IR,4/cm,3.0,,,,,,,,,,,,,,,,,,,,21,,1
HDPE,HDPESample 22Beauty C,Chabuka et al. 2020,FTIR,ThermalNicolet Nexus 670 FT-IR,4/cm,3.0,,,,,,,,,,,,,,,,,,,,22,,1
HDPE,HDPESample 23Beauty C,Chabuka et al. 2020,FTIR,ThermalNicolet Nexus 670 FT-IR,4/cm,3.0,,,,,,,,,,,,,,,,,,,,23,,1
HDPE,HDPESample 24Beauty C,Chabuka et al. 2020,FTIR,ThermalNicolet Nexus 670 FT-IR,4/cm,3.0,,,,,,,,,,,,,,,,,,,,24,,1
HDPE,HDPESample 25Beauty C,Chabuka et al. 2020,FTIR,ThermalNicolet Nexus 670 FT-IR,4/cm,3.0,,,,,,,,,,,,,,,,,,,,25,,1
HDPE,HDPESample 26Beauty C,Chabuka et al. 2020,FTIR,ThermalNicolet Nexus 670 FT-IR,4/cm,3.0,,,,,,,,,,,,,,,,,,,,26,,1
HDPE,HDPESample 27Beauty C,Chabuka et al. 2020,FTIR,ThermalNicolet Nexus 670 FT-IR,4/cm,3.0,,,,,,,,,,,,,,,,,,,,27,,1
HDPE,HDPESample 28Beauty C,Chabuka et al. 2020,FTIR,ThermalNicolet Nexus 670 FT-IR,4/cm,3.0,,,,,,,,,,,,,,,,,,,,28,,1
HDPE,HDPESample 29Beauty C,Chabuka et al. 2020,FTIR,ThermalNicolet Nexus 670 FT-IR,4/cm,3.0,,,,,,,,,,,,,,,,,,,,29,,1
HDPE,HDPESample 30Beauty C,Chabuka et al. 2020,FTIR,ThermalNicolet Nexus 670 FT-IR,4/cm,3.0,,,,,,,,,,,,,,,,,,,,30,,1
HDPE,HDPESample 31Beauty C,Chabuka et al. 2020,FTIR,ThermalNicolet Nexus 670 FT-IR,4/cm,3.0,,,,,,,,,,,,,,,,,,,,31,,1
HDPE,HDPESample 32Beauty C,Chabuka et al. 2020,FTIR,ThermalNicolet Nexus 670 FT-IR,4/cm,3.0,,,,,,,,,,,,,,,,,,,,32,,1
HDPE,HDPESample 33Beauty C,Chabuka et al. 2020,FTIR,ThermalNicolet Nexus 670 FT-IR,4/cm,3.0,,,,,,,,,,,,,,,,,,,,33,,1
HDPE,HDPESample 34Beauty C,Chabuka et al. 2020,FTIR,ThermalNicolet Nexus 670 FT-IR,4/cm,3.0,,,,,,,,,,,,,,,,,,,,34,,1
HDPE,HDPESample 35Beauty C,Chabuka et al. 2020,FTIR,ThermalNicolet Nexus 670 FT-IR,4/cm,3.0,,,,,,,,,,,,,,,,,,,,35,,1
HDPE,HDPESample 36Beauty C,Chabuka et al. 2020,FTIR,ThermalNicolet Nexus 670 FT-IR,4/cm,3.0,,,,,,,,,,,,,,,,,,,,36,,1
HDPE,HDPESample 37Beauty C,Chabuka et al. 2020,FTIR,ThermalNicolet Nexus 670 FT-IR,4/cm,3.0,,,,,,,,,,,,,,,,,,,,37,,1
HDPE,HDPESample 38Beauty C,Chabuka et al. 2020,FTIR,ThermalNicolet Nexus 670 FT-IR,4/cm,3.0,,,,,,,,,,,,,,,,,,,,38,,1
HDPE,HDPESample 39Beauty C,Chabuka et al. 2020,FTIR,ThermalNicolet Nexus 670 FT-IR,4/cm,3.0,,,,,,,,,,,,,,,,,,,,39,,1
HDPE,HDPESample 40Beauty C,Chabuka et al. 2020,FTIR,ThermalNicolet Nexus 670 FT-IR,4/cm,3.0,,,,,,,,,,,,,,,,,,,,40,,1
HDPE,HDPESample 41Beauty C,Chabuka et al. 2020,FTIR,ThermalNicolet Nexus 670 FT-IR,4/cm,3.0,,,,,,,,,,,,,,,,,,,,41,,1
HDPE,HDPESample 42Beauty C,Chabuka et al. 2020,FTIR,ThermalNicolet Nexus 670 FT-IR,4/cm,3.0,,,,,,,,,,,,,,,,,,,,42,,1
HDPE,HDPESample 43Beauty C,Chabuka et al. 2020,FTIR,ThermalNicolet Nexus 670 FT-IR,4/cm,3.0,,,,,,,,,,,,,,,,,,,,43,,1
HDPE,HDPESample 44Beauty C,Chabuka et al. 2020,FTIR,ThermalNicolet Nexus 670 FT-IR,4/cm,3.0,,,,,,,,,,,,,,,,,,,,44,,1
HDPE,HDPESample 45Beauty C,Chabuka et al. 2020,FTIR,ThermalNicolet Nexus 670 FT-IR,4/cm,3.0,,,,,,,,,,,,,,,,,,,,45,,1
HDPE,HDPESample 46Beauty C,Chabuka et al. 2020,FTIR,ThermalNicolet Nexus 670 FT-IR,4/cm,3.0,,,,,,,,,,,,,,,,,,,,46,,1
HDPE,HDPESample 47Beauty C,Chabuka et al. 2020,FTIR,ThermalNicolet Nexus 670 FT-IR,4/cm,3.0,,,,,,,,,,,,,,,,,,,,47,,1
HDPE,HDPESample 48Beauty C,Chabuka et al. 2020,FTIR,ThermalNicolet Nexus 670 FT-IR,4/cm,3.0,,,,,,,,,,,,,,,,,,,,48,,1
HDPE,HDPESample 49Beauty C,Chabuka et al. 2020,FTIR,ThermalNicolet Nexus 670 FT-IR,4/cm,3.0,,,,,,,,,,,,,,,,,,,,49,,1
HDPE,HDPESample 50Beauty C,Chabuka et al. 2020,FTIR,ThermalNicolet Nexus 670 FT-IR,4/cm,3.0,,,,,,,,,,,,,,,,,,,,50,,1
HDPE,HDPESample 51Beauty C,Chabuka et al. 2020,FTIR,ThermalNicolet Nexus 670 FT-IR,4/cm,3.0,,,,,,,,,,,,,,,,,,,,51,,1
HDPE,HDPESample 52Beauty C,Chabuka et al. 2020,FTIR,ThermalNicolet Nexus 670 FT-IR,4/cm,3.0,,,,,,,,,,,,,,,,,,,,52,,1
HDPE,HDPESample 53Beauty C,Chabuka et al. 2020,FTIR,ThermalNicolet Nexus 670 FT-IR,4/cm,3.0,,,,,,,,,,,,,,,,,,,,53,,1
HDPE,HDPESample 54Beauty C,Chabuka et al. 2020,FTIR,ThermalNicolet Nexus 670 FT-IR,4/cm,3.0,,,,,,,,,,,,,,,,,,,,54,,1
HDPE,HDPESample 55Beauty C,Chabuka et al. 2020,FTIR,ThermalNicolet Nexus 670 FT-IR,4/cm,3.0,,,,,,,,,,,,,,,,,,,,55,,1
HDPE,HDPESample 56Beauty C,Chabuka et al. 2020,FTIR,ThermalNicolet Nexus 670 FT-IR,4/cm,3.0,,,,,,,,,,,,,,,,,,,,56,,1
HDPE,HDPESample 57Beauty C,Chabuka et al. 2020,FTIR,ThermalNicolet Nexus 670 FT-IR,4/cm,3.0,,,,,,,,,,,,,,,,,,,,57,,1
HDPE,HDPESample 58Beauty C,Chabuka et al. 2020,FTIR,ThermalNicolet Nexus 670 FT-IR,4/cm,3.0,,,,,,,,,,,,,,,,,,,,58,,1
HDPE,HDPESample 59Beauty C,Chabuka et al. 2020,FTIR,ThermalNicolet Nexus 670 FT-IR,4/cm,3.0,,,,,,,,,,,,,,,,,,,,59,,1
HDPE,HDPESample 60Beauty C,Chabuka et al. 2020,FTIR,ThermalNicolet Nexus 670 FT-IR,4/cm,3.0,,,,,,,,,,,,,,,,,,,,60,,1
HDPE,HDPESample 61Beauty C,Chabuka et al. 2020,FTIR,ThermalNicolet Nexus 670 FT-IR,4/cm,3.0,,,,,,,,,,,,,,,,,,,,61,,1
HDPE,HDPESample 62Beauty C,Chabuka et al. 2020,FTIR,ThermalNicolet Nexus 670 FT-IR,4/cm,3.0,,,,,,,,,,,,,,,,,,,,62,,1
HDPE,HDPESample 63Beauty C,Chabuka et al. 2020,FTIR,ThermalNicolet Nexus 670 FT-IR,4/cm,3.0,,,,,,,,,,,,,,,,,,,,63,,1
HDPE,HDPESample 64Beauty C,Chabuka et al. 2020,FTIR,ThermalNicolet Nexus 670 FT-IR,4/cm,3.0,,,,,,,,,,,,,,,,,,,,64,,1
HDPE,HDPESample 65Beauty C,Chabuka et al. 2020,FTIR,ThermalNicolet Nexus 670 FT-IR,4/cm,3.0,,,,,,,,,,,,,,,,,,,,65,,1
HDPE,HDPESample 66Beauty C,Chabuka et al. 2020,FTIR,ThermalNicolet Nexus 670 FT-IR,4/cm,3.0,,,,,,,,,,,,,,,,,,,,66,,1
HDPE,HDPESample 67Beauty C,Chabuka et al. 2020,FTIR,ThermalNicolet Nexus 670 FT-IR,4/cm,3.0,,,,,,,,,,,,,,,,,,,,67,,1
HDPE,HDPESample 68Beauty C,Chabuka et al. 2020,FTIR,ThermalNicolet Nexus 670 FT-IR,4/cm,3.0,,,,,,,,,,,,,,,,,,,,68,,1
HDPE,HDPESample 69Beauty C,Chabuka et al. 2020,FTIR,ThermalNicolet Nexus 670 FT-IR,4/cm,3.0,,,,,,,,,,,,,,,,,,,,69,,1
HDPE,HDPESample 70Beauty C,Chabuka et al. 2020,FTIR,ThermalNicolet Nexus 670 FT-IR,4/cm,3.0,,,,,,,,,,,,,,,,,,,,70,,1
HDPE,HDPESample 71Beauty C,Chabuka et al. 2020,FTIR,ThermalNicolet Nexus 670 FT-IR,4/cm,3.0,,,,,,,,,,,,,,,,,,,,71,,1
HDPE,HDPESample 72Beauty C,Chabuka et al. 2020,FTIR,ThermalNicolet Nexus 670 FT-IR,4/cm,3.0,,,,,,,,,,,,,,,,,,,,72,,1
HDPE,HDPESample 73Beauty C,Chabuka et al. 2020,FTIR,ThermalNicolet Nexus 670 FT-IR,4/cm,3.0,,,,,,,,,,,,,,,,,,,,73,,1
HDPE,HDPESample 74Beauty C,Chabuka et al. 2020,FTIR,ThermalNicolet Nexus 670 FT-IR,4/cm,3.0,,,,,,,,,,,,,,,,,,,,74,,1
HDPE,HDPESample 75Beauty C,Chabuka et al. 2020,FTIR,ThermalNicolet Nexus 670 FT-IR,4/cm,3.0,,,,,,,,,,,,,,,,,,,,75,,1
HDPE,HDPESample 76Beauty C,Chabuka et al. 2020,FTIR,ThermalNicolet Nexus 670 FT-IR,4/cm,3.0,,,,,,,,,,,,,,,,,,,,76,,1
HDPE,HDPESample 77Beauty C,Chabuka et al. 2020,FTIR,ThermalNicolet Nexus 670 FT-IR,4/cm,3.0,,,,,,,,,,,,,,,,,,,,77,,1
HDPE,HDPESample 78Beauty C,Chabuka et al. 2020,FTIR,ThermalNicolet Nexus 670 FT-IR,4/cm,3.0,,,,,,,,,,,,,,,,,,,,78,,1
HDPE,HDPESample 79Beauty C,Chabuka et al. 2020,FTIR,ThermalNicolet Nexus 670 FT-IR,4/cm,3.0,,,,,,,,,,,,,,,,,,,,79,,1
HDPE,HDPESample 80Beauty C,Chabuka et al. 2020,FTIR,ThermalNicolet Nexus 670 FT-IR,4/cm,3.0,,,,,,,,,,,,,,,,,,,,80,,14
HDPE,HDPESample 81Beauty C,Chabuka et al. 2020,FTIR,ThermalNicolet Nexus 670 FT-IR,4/cm,3.0,,,,,,,,,,,,,,,,,,,,81,,1
HDPE,HDPESample 82Beauty C,Chabuka et al. 2020,FTIR,ThermalNicolet Nexus 670 FT-IR,4/cm,3.0,,,,,,,,,,,,,,,,,,,,82,,1
HDPE,HDPESample 83Beauty C,Chabuka et al. 2020,FTIR,ThermalNicolet Nexus 670 FT-IR,4/cm,3.0,,,,,,,,,,,,,,,,,,,,83,,1
HDPE,HDPESample 84Beauty C,Chabuka et al. 2020,FTIR,ThermalNicolet Nexus 670 FT-IR,4/cm,3.0,,,,,,,,,,,,,,,,,,,,84,,1
HDPE,HDPESample 85Beauty C,Chabuka et al. 2020,FTIR,ThermalNicolet Nexus 670 FT-IR,4/cm,3.0,,,,,,,,,,,,,,,,,,,,85,,1
HDPE,HDPESample 86Beauty C,Chabuka et al. 2020,FTIR,ThermalNicolet Nexus 670 FT-IR,4/cm,3.0,,,,,,,,,,,,,,,,,,,,86,,1
HDPE,HDPESample 87Beauty C,Chabuka et al. 2020,FTIR,ThermalNicolet Nexus 670 FT-IR,4/cm,3.0,,,,,,,,,,,,,,,,,,,,87,,1
HDPE,HDPESample 88Beauty C,Chabuka et al. 2020,FTIR,ThermalNicolet Nexus 670 FT-IR,4/cm,3.0,,,,,,,,,,,,,,,,,,,,88,,14
HDPE,HDPESample 89Beauty C,Chabuka et al. 2020,FTIR,ThermalNicolet Nexus 670 FT-IR,4/cm,3.0,,,,,,,,,,,,,,,,,,,,89,,14
HDPE,HDPESample 90Beauty C,Chabuka et al. 2020,FTIR,ThermalNicolet Nexus 670 FT-IR,4/cm,3.0,,,,,,,,,,,,,,,,,,,,90,,1
HDPE,HDPESample 91Beauty C,Chabuka et al. 2020,FTIR,ThermalNicolet Nexus 670 FT-IR,4/cm,3.0,,,,,,,,,,,,,,,,,,,,91,,1
HDPE,HDPESample 92Beauty C,Chabuka et al. 2020,FTIR,ThermalNicolet Nexus 670 FT-IR,4/cm,3.0,,,,,,,,,,,,,,,,,,,,92,,14
HDPE,HDPESample 93Beauty C,Chabuka et al. 2020,FTIR,ThermalNicolet Nexus 670 FT-IR,4/cm,3.0,,,,,,,,,,,,,,,,,,,,93,,1
HDPE,HDPESample 94Beauty C,Chabuka et al. 2020,FTIR,ThermalNicolet Nexus 670 FT-IR,4/cm,3.0,,,,,,,,,,,,,,,,,,,,94,,12
HDPE,HDPESample 95Beauty C,Chabuka et al. 2020,FTIR,ThermalNicolet Nexus 670 FT-IR,4/cm,3.0,,,,,,,,,,,,,,,,,,,,95,,1
HDPE,HDPESample 96Beauty C,Chabuka et al. 2020,FTIR,ThermalNicolet Nexus 670 FT-IR,4/cm,3.0,,,,,,,,,,,,,,,,,,,,96,,1
HDPE,HDPESample 97Beauty C,Chabuka et al. 2020,FTIR,ThermalNicolet Nexus 670 FT-IR,4/cm,3.0,,,,,,,,,,,,,,,,,,,,97,,1
HDPE,HDPESample 98Beauty C,Chabuka et al. 2020,FTIR,ThermalNicolet Nexus 670 FT-IR,4/cm,3.0,,,,,,,,,,,,,,,,,,,,98,,1
HDPE,HDPESample 99Beauty C,Chabuka et al. 2020,FTIR,ThermalNicolet Nexus 670 FT-IR,4/cm,3.0,,,,,,,,,,,,,,,,,,,,99,,1
HDPE,HDPESample 100Beauty C,Chabuka et al. 2020,FTIR,ThermalNicolet Nexus 670 FT-IR,4/cm,3.0,,,,,,,,,,,,,,,,,,,,100,,1
HDPE,HDPESample 101Beauty C,Chabuka et al. 2020,FTIR,ThermalNicolet Nexus 670 FT-IR,4/cm,3.0,,,,,,,,,,,,,,,,,,,,101,,1
HDPE,HDPESample 102Beauty C,Chabuka et al. 2020,FTIR,ThermalNicolet Nexus 670 FT-IR,4/cm,3.0,,,,,,,,,,,,,,,,,,,,102,,1
HDPE,HDPESample 103Beauty C,Chabuka et al. 2020,FTIR,ThermalNicolet Nexus 670 FT-IR,4/cm,3.0,,,,,,,,,,,,,,,,,,,,103,,1
HDPE,HDPESample 104Beauty C,Chabuka et al. 2020,FTIR,ThermalNicolet Nexus 670 FT-IR,4/cm,3.0,,,,,,,,,,,,,,,,,,,,104,,6
HDPE,HDPESample 105Beauty C,Chabuka et al. 2020,FTIR,ThermalNicolet Nexus 670 FT-IR,4/cm,3.0,,,,,,,,,,,,,,,,,,,,105,,6
HDPE,HDPESample 106Beauty C,Chabuka et al. 2020,FTIR,ThermalNicolet Nexus 670 FT-IR,4/cm,3.0,,,,,,,,,,,,,,,,,,,,106,,1
HDPE,HDPESample 107Beauty C,Chabuka et al. 2020,FTIR,ThermalNicolet Nexus 670 FT-IR,4/cm,3.0,,,,,,,,,,,,,,,,,,,,107,,1
HDPE,HDPESample 108Beauty C,Chabuka et al. 2020,FTIR,ThermalNicolet Nexus 670 FT-IR,4/cm,3.0,,,,,,,,,,,,,,,,,,,,108,,1
HDPE,HDPESample 109Beauty C,Chabuka et al. 2020,FTIR,ThermalNicolet Nexus 670 FT-IR,4/cm,3.0,,,,,,,,,,,,,,,,,,,,109,,1
HDPE,HDPESample 110Beauty C,Chabuka et al. 2020,FTIR,ThermalNicolet Nexus 670 FT-IR,4/cm,3.0,,,,,,,,,,,,,,,,,,,,110,,1
HDPE,HDPESample 111Beauty C,Chabuka et al. 2020,FTIR,ThermalNicolet Nexus 670 FT-IR,4/cm,3.0,,,,,,,,,,,,,,,,,,,,111,,1
HDPE,HDPESample 112Beauty C,Chabuka et al. 2020,FTIR,ThermalNicolet Nexus 670 FT-IR,4/cm,3.0,,,,,,,,,,,,,,,,,,,,112,,1
HDPE,HDPESample 113Beauty C,Chabuka et al. 2020,FTIR,ThermalNicolet Nexus 670 FT-IR,4/cm,3.0,,,,,,,,,,,,,,,,,,,,113,,1
HDPE,HDPESample 114Beauty C,Chabuka et al. 2020,FTIR,ThermalNicolet Nexus 670 FT-IR,4/cm,3.0,,,,,,,,,,,,,,,,,,,,114,,1
HDPE,HDPESample 115Beauty C,Chabuka et al. 2020,FTIR,ThermalNicolet Nexus 670 FT-IR,4/cm,3.0,,,,,,,,,,,,,,,,,,,,115,,1
HDPE,HDPESample 116Beauty C,Chabuka et al. 2020,FTIR,ThermalNicolet Nexus 670 FT-IR,4/cm,3.0,,,,,,,,,,,,,,,,,,,,116,,1
HDPE,HDPESample 117Beauty C,Chabuka et al. 2020,FTIR,ThermalNicolet Nexus 670 FT-IR,4/cm,3.0,,,,,,,,,,,,,,,,,,,,117,,1
HDPE,HDPESample 118Beauty C,Chabuka et al. 2020,FTIR,ThermalNicolet Nexus 670 FT-IR,4/cm,3.0,,,,,,,,,,,,,,,,,,,,118,,1
HDPE,HDPESample 119Beauty C,Chabuka et al. 2020,FTIR,ThermalNicolet Nexus 670 FT-IR,4/cm,3.0,,,,,,,,,,,,,,,,,,,,119,,1
HDPE,HDPESample 120Beauty C,Chabuka et al. 2020,FTIR,ThermalNicolet Nexus 670 FT-IR,4/cm,3.0,,,,,,,,,,,,,,,,,,,,120,,1
HDPE,HDPESample 121Beauty C,Chabuka et al. 2020,FTIR,ThermalNicolet Nexus 670 FT-IR,4/cm,3.0,,,,,,,,,,,,,,,,,,,,121,,1
HDPE,HDPESample 122Beauty C,Chabuka et al. 2020,FTIR,ThermalNicolet Nexus 670 FT-IR,4/cm,3.0,,,,,,,,,,,,,,,,,,,,122,,1
HDPE,HDPESample 123Beauty C,Chabuka et al. 2020,FTIR,ThermalNicolet Nexus 670 FT-IR,4/cm,3.0,,,,,,,,,,,,,,,,,,,,123,,1
HDPE,HDPESample 124Beauty C,Chabuka et al. 2020,FTIR,ThermalNicolet Nexus 670 FT-IR,4/cm,3.0,,,,,,,,,,,,,,,,,,,,124,,1
HDPE,HDPESample 125Beauty C,Chabuka et al. 2020,FTIR,ThermalNicolet Nexus 670 FT-IR,4/cm,3.0,,,,,,,,,,,,,,,,,,,,125,,1
HDPE,HDPESample 126Beauty C,Chabuka et al. 2020,FTIR,ThermalNicolet Nexus 670 FT-IR,4/cm,3.0,,,,,,,,,,,,,,,,,,,,126,,1
HDPE,HDPESample 127Beauty C,Chabuka et al. 2020,FTIR,ThermalNicolet Nexus 670 FT-IR,4/cm,3.0,,,,,,,,,,,,,,,,,,,,127,,1
HDPE,HDPESample 128Beauty C,Chabuka et al. 2020,FTIR,ThermalNicolet Nexus 670 FT-IR,4/cm,3.0,,,,,,,,,,,,,,,,,,,,128,,1
HDPE,HDPESample 129Beauty C,Chabuka et al. 2020,FTIR,ThermalNicolet Nexus 670 FT-IR,4/cm,3.0,,,,,,,,,,,,,,,,,,,,129,,1
HDPE,HDPESample 130Beauty C,Chabuka et al. 2020,FTIR,ThermalNicolet Nexus 670 FT-IR,4/cm,3.0,,,,,,,,,,,,,,,,,,,,130,,1
HDPE,HDPESample 131Beauty C,Chabuka et al. 2020,FTIR,ThermalNicolet Nexus 670 FT-IR,4/cm,3.0,,,,,,,,,,,,,,,,,,,,131,,1
HDPE,HDPESample 132Beauty C,Chabuka et al. 2020,FTIR,ThermalNicolet Nexus 670 FT-IR,4/cm,3.0,,,,,,,,,,,,,,,,,,,,132,,1
HDPE,HDPESample 133Beauty C,Chabuka et al. 2020,FTIR,ThermalNicolet Nexus 670 FT-IR,4/cm,3.0,,,,,,,,,,,,,,,,,,,,133,,1
HDPE,HDPESample 134Beauty C,Chabuka et al. 2020,FTIR,ThermalNicolet Nexus 670 FT-IR,4/cm,3.0,,,,,,,,,,,,,,,,,,,,134,,1
HDPE,HDPESample 135Beauty C,Chabuka et al. 2020,FTIR,ThermalNicolet Nexus 670 FT-IR,4/cm,3.0,,,,,,,,,,,,,,,,,,,,135,,1
HDPE,HDPESample 136Beauty C,Chabuka et al. 2020,FTIR,ThermalNicolet Nexus 670 FT-IR,4/cm,3.0,,,,,,,,,,,,,,,,,,,,136,,1
HDPE,HDPESample 137Beauty C,Chabuka et al. 2020,FTIR,ThermalNicolet Nexus 670 FT-IR,4/cm,3.0,,,,,,,,,,,,,,,,,,,,137,,1
PET,PETSample 1Beauty C,Chabuka et al. 2020,FTIR,ThermalNicolet Nexus 670 FT-IR,4/cm,3.0,,,,,,,,,,,,,,,,,,,,138,,2
PET,PETSample 2Beauty C,Chabuka et al. 2020,FTIR,ThermalNicolet Nexus 670 FT-IR,4/cm,3.0,,,,,,,,,,,,,,,,,,,,139,,2
PET,PETSample 3Beauty C,Chabuka et al. 2020,FTIR,ThermalNicolet Nexus 670 FT-IR,4/cm,3.0,,,,,,,,,,,,,,,,,,,,140,,2
PET,PETSample 4Beauty C,Chabuka et al. 2020,FTIR,ThermalNicolet Nexus 670 FT-IR,4/cm,3.0,,,,,,,,,,,,,,,,,,,,141,,2
PET,PETSample 5Beauty C,Chabuka et al. 2020,FTIR,ThermalNicolet Nexus 670 FT-IR,4/cm,3.0,,,,,,,,,,,,,,,,,,,,142,,2
PET,PETSample 6Beauty C,Chabuka et al. 2020,FTIR,ThermalNicolet Nexus 670 FT-IR,4/cm,3.0,,,,,,,,,,,,,,,,,,,,143,,2
PET,PETSample 7Beauty C,Chabuka et al. 2020,FTIR,ThermalNicolet Nexus 670 FT-IR,4/cm,3.0,,,,,,,,,,,,,,,,,,,,144,,2
PET,PETSample 8Beauty C,Chabuka et al. 2020,FTIR,ThermalNicolet Nexus 670 FT-IR,4/cm,3.0,,,,,,,,,,,,,,,,,,,,145,,2
PET,PETSample 9Beauty C,Chabuka et al. 2020,FTIR,ThermalNicolet Nexus 670 FT-IR,4/cm,3.0,,,,,,,,,,,,,,,,,,,,146,,2
PET,PETSample 10Beauty C,Chabuka et al. 2020,FTIR,ThermalNicolet Nexus 670 FT-IR,4/cm,3.0,,,,,,,,,,,,,,,,,,,,147,,2
PET,PETSample 11Beauty C,Chabuka et al. 2020,FTIR,ThermalNicolet Nexus 670 FT-IR,4/cm,3.0,,,,,,,,,,,,,,,,,,,,148,,2
PET,PETSample 12Beauty C,Chabuka et al. 2020,FTIR,ThermalNicolet Nexus 670 FT-IR,4/cm,3.0,,,,,,,,,,,,,,,,,,,,149,,2
PET,PETSample 13Beauty C,Chabuka et al. 2020,FTIR,ThermalNicolet Nexus 670 FT-IR,4/cm,3.0,,,,,,,,,,,,,,,,,,,,150,,2
PET,PETSample 14Beauty C,Chabuka et al. 2020,FTIR,ThermalNicolet Nexus 670 FT-IR,4/cm,3.0,,,,,,,,,,,,,,,,,,,,151,,2
PET,PETSample 15Beauty C,Chabuka et al. 2020,FTIR,ThermalNicolet Nexus 670 FT-IR,4/cm,3.0,,,,,,,,,,,,,,,,,,,,152,,2
PET,PETSample 16Beauty C,Chabuka et al. 2020,FTIR,ThermalNicolet Nexus 670 FT-IR,4/cm,3.0,,,,,,,,,,,,,,,,,,,,153,,2
PET,PETSample 17Beauty C,Chabuka et al. 2020,FTIR,ThermalNicolet Nexus 670 FT-IR,4/cm,3.0,,,,,,,,,,,,,,,,,,,,154,,2
PET,PETSample 18Beauty C,Chabuka et al. 2020,FTIR,ThermalNicolet Nexus 670 FT-IR,4/cm,3.0,,,,,,,,,,,,,,,,,,,,155,,2
PET,PETSample 19Beauty C,Chabuka et al. 2020,FTIR,ThermalNicolet Nexus 670 FT-IR,4/cm,3.0,,,,,,,,,,,,,,,,,,,,156,,2
PET,PETSample 20Beauty C,Chabuka et al. 2020,FTIR,ThermalNicolet Nexus 670 FT-IR,4/cm,3.0,,,,,,,,,,,,,,,,,,,,157,,2
PET,PETSample 21Beauty C,Chabuka et al. 2020,FTIR,ThermalNicolet Nexus 670 FT-IR,4/cm,3.0,,,,,,,,,,,,,,,,,,,,158,,2
PET,PETSample 22Beauty C,Chabuka et al. 2020,FTIR,ThermalNicolet Nexus 670 FT-IR,4/cm,3.0,,,,,,,,,,,,,,,,,,,,159,,2
PET,PETSample 23Beauty C,Chabuka et al. 2020,FTIR,ThermalNicolet Nexus 670 FT-IR,4/cm,3.0,,,,,,,,,,,,,,,,,,,,160,,2
PET,PETSample 24Beauty C,Chabuka et al. 2020,FTIR,ThermalNicolet Nexus 670 FT-IR,4/cm,3.0,,,,,,,,,,,,,,,,,,,,161,,2
PET,PETSample 25Beauty C,Chabuka et al. 2020,FTIR,ThermalNicolet Nexus 670 FT-IR,4/cm,3.0,,,,,,,,,,,,,,,,,,,,162,,2
PET,PETSample 26Beauty C,Chabuka et al. 2020,FTIR,ThermalNicolet Nexus 670 FT-IR,4/cm,3.0,,,,,,,,,,,,,,,,,,,,163,,2
PET,PETSample 27Beauty C,Chabuka et al. 2020,FTIR,ThermalNicolet Nexus 670 FT-IR,4/cm,3.0,,,,,,,,,,,,,,,,,,,,164,,2
PET,PETSample 28Beauty C,Chabuka et al. 2020,FTIR,ThermalNicolet Nexus 670 FT-IR,4/cm,3.0,,,,,,,,,,,,,,,,,,,,165,,2
PET,PETSample 29Beauty C,Chabuka et al. 2020,FTIR,ThermalNicolet Nexus 670 FT-IR,4/cm,3.0,,,,,,,,,,,,,,,,,,,,166,,2
PET,PETSample 30Beauty C,Chabuka et al. 2020,FTIR,ThermalNicolet Nexus 670 FT-IR,4/cm,3.0,,,,,,,,,,,,,,,,,,,,167,,2
PET,PETSample 31Beauty C,Chabuka et al. 2020,FTIR,ThermalNicolet Nexus 670 FT-IR,4/cm,3.0,,,,,,,,,,,,,,,,,,,,168,,2
PET,PETSample 32Beauty C,Chabuka et al. 2020,FTIR,ThermalNicolet Nexus 670 FT-IR,4/cm,3.0,,,,,,,,,,,,,,,,,,,,169,,2
PET,PETSample 33Beauty C,Chabuka et al. 2020,FTIR,ThermalNicolet Nexus 670 FT-IR,4/cm,3.0,,,,,,,,,,,,,,,,,,,,170,,2
PET,PETSample 34Beauty C,Chabuka et al. 2020,FTIR,ThermalNicolet Nexus 670 FT-IR,4/cm,3.0,,,,,,,,,,,,,,,,,,,,171,,2
PET,PETSample 35Beauty C,Chabuka et al. 2020,FTIR,ThermalNicolet Nexus 670 FT-IR,4/cm,3.0,,,,,,,,,,,,,,,,,,,,172,,2
PET,PETSample 36Beauty C,Chabuka et al. 2020,FTIR,ThermalNicolet Nexus 670 FT-IR,4/cm,3.0,,,,,,,,,,,,,,,,,,,,173,,2
PET,PETSample 37Beauty C,Chabuka et al. 2020,FTIR,ThermalNicolet Nexus 670 FT-IR,4/cm,3.0,,,,,,,,,,,,,,,,,,,,174,,2
PET,PETSample 38Beauty C,Chabuka et al. 2020,FTIR,ThermalNicolet Nexus 670 FT-IR,4/cm,3.0,,,,,,,,,,,,,,,,,,,,175,,2
PET,PETSample 39Beauty C,Chabuka et al. 2020,FTIR,ThermalNicolet Nexus 670 FT-IR,4/cm,3.0,,,,,,,,,,,,,,,,,,,,176,,2
PET,PETSample 40Beauty C,Chabuka et al. 2020,FTIR,ThermalNicolet Nexus 670 FT-IR,4/cm,3.0,,,,,,,,,,,,,,,,,,,,177,,2
PET,PETSample 41Beauty C,Chabuka et al. 2020,FTIR,ThermalNicolet Nexus 670 FT-IR,4/cm,3.0,,,,,,,,,,,,,,,,,,,,178,,2
PET,PETSample 42Beauty C,Chabuka et al. 2020,FTIR,ThermalNicolet Nexus 670 FT-IR,4/cm,3.0,,,,,,,,,,,,,,,,,,,,179,,2
PET,PETSample 43Beauty C,Chabuka et al. 2020,FTIR,ThermalNicolet Nexus 670 FT-IR,4/cm,3.0,,,,,,,,,,,,,,,,,,,,180,,2
PET,PETSample 44Beauty C,Chabuka et al. 2020,FTIR,ThermalNicolet Nexus 670 FT-IR,4/cm,3.0,,,,,,,,,,,,,,,,,,,,181,,2
PET,PETSample 45Beauty C,Chabuka et al. 2020,FTIR,ThermalNicolet Nexus 670 FT-IR,4/cm,3.0,,,,,,,,,,,,,,,,,,,,182,,2
PET,PETSample 46Beauty C,Chabuka et al. 2020,FTIR,ThermalNicolet Nexus 670 FT-IR,4/cm,3.0,,,,,,,,,,,,,,,,,,,,183,,2
PET,PETSample 47Beauty C,Chabuka et al. 2020,FTIR,ThermalNicolet Nexus 670 FT-IR,4/cm,3.0,,,,,,,,,,,,,,,,,,,,184,,2
PET,PETSample 48Beauty C,Chabuka et al. 2020,FTIR,ThermalNicolet Nexus 670 FT-IR,4/cm,3.0,,,,,,,,,,,,,,,,,,,,185,,2
PET,PETSample 49Beauty C,Chabuka et al. 2020,FTIR,ThermalNicolet Nexus 670 FT-IR,4/cm,3.0,,,,,,,,,,,,,,,,,,,,186,,2
PET,PETSample 50Beauty C,Chabuka et al. 2020,FTIR,ThermalNicolet Nexus 670 FT-IR,4/cm,3.0,,,,,,,,,,,,,,,,,,,,187,,2
PET,PETSample 51Beauty C,Chabuka et al. 2020,FTIR,ThermalNicolet Nexus 670 FT-IR,4/cm,3.0,,,,,,,,,,,,,,,,,,,,188,,2
PET,PETSample 52Beauty C,Chabuka et al. 2020,FTIR,ThermalNicolet Nexus 670 FT-IR,4/cm,3.0,,,,,,,,,,,,,,,,,,,,189,,2
PET,PETSample 53Beauty C,Chabuka et al. 2020,FTIR,ThermalNicolet Nexus 670 FT-IR,4/cm,3.0,,,,,,,,,,,,,,,,,,,,190,,2
PET,PETSample 54Beauty C,Chabuka et al. 2020,FTIR,ThermalNicolet Nexus 670 FT-IR,4/cm,3.0,,,,,,,,,,,,,,,,,,,,191,,2
PET,PETSample 55Beauty C,Chabuka et al. 2020,FTIR,ThermalNicolet Nexus 670 FT-IR,4/cm,3.0,,,,,,,,,,,,,,,,,,,,192,,2
PET,PETSample 56Beauty C,Chabuka et al. 2020,FTIR,ThermalNicolet Nexus 670 FT-IR,4/cm,3.0,,,,,,,,,,,,,,,,,,,,193,,2
PET,PETSample 57Beauty C,Chabuka et al. 2020,FTIR,ThermalNicolet Nexus 670 FT-IR,4/cm,3.0,,,,,,,,,,,,,,,,,,,,194,,2
PET,PETSample 58Beauty C,Chabuka et al. 2020,FTIR,ThermalNicolet Nexus 670 FT-IR,4/cm,3.0,,,,,,,,,,,,,,,,,,,,195,,2
PET,PETSample 59Beauty C,Chabuka et al. 2020,FTIR,ThermalNicolet Nexus 670 FT-IR,4/cm,3.0,,,,,,,,,,,,,,,,,,,,196,,2
PET,PETSample 60Beauty C,Chabuka et al. 2020,FTIR,ThermalNicolet Nexus 670 FT-IR,4/cm,3.0,,,,,,,,,,,,,,,,,,,,197,,2
PET,PETSample 61Beauty C,Chabuka et al. 2020,FTIR,ThermalNicolet Nexus 670 FT-IR,4/cm,3.0,,,,,,,,,,,,,,,,,,,,198,,2
PET,PETSample 62Beauty C,Chabuka et al. 2020,FTIR,ThermalNicolet Nexus 670 FT-IR,4/cm,3.0,,,,,,,,,,,,,,,,,,,,199,,2
PET,PETSample 63Beauty C,Chabuka et al. 2020,FTIR,ThermalNicolet Nexus 670 FT-IR,4/cm,3.0,,,,,,,,,,,,,,,,,,,,200,,2
PET,PETSample 64Beauty C,Chabuka et al. 2020,FTIR,ThermalNicolet Nexus 670 FT-IR,4/cm,3.0,,,,,,,,,,,,,,,,,,,,201,,2
PET,PETSample 65Beauty C,Chabuka et al. 2020,FTIR,ThermalNicolet Nexus 670 FT-IR,4/cm,3.0,,,,,,,,,,,,,,,,,,,,202,,2
PET,PETSample 66Beauty C,Chabuka et al. 2020,FTIR,ThermalNicolet Nexus 670 FT-IR,4/cm,3.0,,,,,,,,,,,,,,,,,,,,203,,2
PET,PETSample 67Beauty C,Chabuka et al. 2020,FTIR,ThermalNicolet Nexus 670 FT-IR,4/cm,3.0,,,,,,,,,,,,,,,,,,,,204,,2
PET,PETSample 68Beauty C,Chabuka et al. 2020,FTIR,ThermalNicolet Nexus 670 FT-IR,4/cm,3.0,,,,,,,,,,,,,,,,,,,,205,,2
PET,PETSample 69Beauty C,Chabuka et al. 2020,FTIR,ThermalNicolet Nexus 670 FT-IR,4/cm,3.0,,,,,,,,,,,,,,,,,,,,206,,2
PET,PETSample 70Beauty C,Chabuka et al. 2020,FTIR,ThermalNicolet Nexus 670 FT-IR,4/cm,3.0,,,,,,,,,,,,,,,,,,,,207,,2
PET,PETSample 71Beauty C,Chabuka et al. 2020,FTIR,ThermalNicolet Nexus 670 FT-IR,4/cm,3.0,,,,,,,,,,,,,,,,,,,,208,,2
PET,PETSample 72Beauty C,Chabuka et al. 2020,FTIR,ThermalNicolet Nexus 670 FT-IR,4/cm,3.0,,,,,,,,,,,,,,,,,,,,209,,2
PET,PETSample 73Beauty C,Chabuka et al. 2020,FTIR,ThermalNicolet Nexus 670 FT-IR,4/cm,3.0,,,,,,,,,,,,,,,,,,,,210,,2
PET,PETSample 74Beauty C,Chabuka et al. 2020,FTIR,ThermalNicolet Nexus 670 FT-IR,4/cm,3.0,,,,,,,,,,,,,,,,,,,,211,,2
PET,PETSample 75Beauty C,Chabuka et al. 2020,FTIR,ThermalNicolet Nexus 670 FT-IR,4/cm,3.0,,,,,,,,,,,,,,,,,,,,212,,6
PET,PETSample 76Beauty C,Chabuka et al. 2020,FTIR,ThermalNicolet Nexus 670 FT-IR,4/cm,3.0,,,,,,,,,,,,,,,,,,,,213,,6
PET,PETSample 77Beauty C,Chabuka et al. 2020,FTIR,ThermalNicolet Nexus 670 FT-IR,4/cm,3.0,,,,,,,,,,,,,,,,,,,,214,,2
PET,PETSample 78Beauty C,Chabuka et al. 2020,FTIR,ThermalNicolet Nexus 670 FT-IR,4/cm,3.0,,,,,,,,,,,,,,,,,,,,215,,2
PET,PETSample 79Beauty C,Chabuka et al. 2020,FTIR,ThermalNicolet Nexus 670 FT-IR,4/cm,3.0,,,,,,,,,,,,,,,,,,,,216,,2
PET,PETSample 80Beauty C,Chabuka et al. 2020,FTIR,ThermalNicolet Nexus 670 FT-IR,4/cm,3.0,,,,,,,,,,,,,,,,,,,,217,,2
PET,PETSample 81Beauty C,Chabuka et al. 2020,FTIR,ThermalNicolet Nexus 670 FT-IR,4/cm,3.0,,,,,,,,,,,,,,,,,,,,218,,6
PET,PETSample 82Beauty C,Chabuka et al. 2020,FTIR,ThermalNicolet Nexus 670 FT-IR,4/cm,3.0,,,,,,,,,,,,,,,,,,,,219,,2
PET,PETSample 83Beauty C,Chabuka et al. 2020,FTIR,ThermalNicolet Nexus 670 FT-IR,4/cm,3.0,,,,,,,,,,,,,,,,,,,,220,,2
PET,PETSample 84Beauty C,Chabuka et al. 2020,FTIR,ThermalNicolet Nexus 670 FT-IR,4/cm,3.0,,,,,,,,,,,,,,,,,,,,221,,6
PET,PETSample 85Beauty C,Chabuka et al. 2020,FTIR,ThermalNicolet Nexus 670 FT-IR,4/cm,3.0,,,,,,,,,,,,,,,,,,,,222,,2
PET,PETSample 86Beauty C,Chabuka et al. 2020,FTIR,ThermalNicolet Nexus 670 FT-IR,4/cm,3.0,,,,,,,,,,,,,,,,,,,,223,,6
PET,PETSample 87Beauty C,Chabuka et al. 2020,FTIR,ThermalNicolet Nexus 670 FT-IR,4/cm,3.0,,,,,,,,,,,,,,,,,,,,224,,6
PET,PETSample 88Beauty C,Chabuka et al. 2020,FTIR,ThermalNicolet Nexus 670 FT-IR,4/cm,3.0,,,,,,,,,,,,,,,,,,,,225,,14
PET,PETSample 89Beauty C,Chabuka et al. 2020,FTIR,ThermalNicolet Nexus 670 FT-IR,4/cm,3.0,,,,,,,,,,,,,,,,,,,,226,,6
PET,PETSample 90Beauty C,Chabuka et al. 2020,FTIR,ThermalNicolet Nexus 670 FT-IR,4/cm,3.0,,,,,,,,,,,,,,,,,,,,227,,6
PET,PETSample 91Beauty C,Chabuka et al. 2020,FTIR,ThermalNicolet Nexus 670 FT-IR,4/cm,3.0,,,,,,,,,,,,,,,,,,,,228,,2
PET,PETSample 92Beauty C,Chabuka et al. 2020,FTIR,ThermalNicolet Nexus 670 FT-IR,4/cm,3.0,,,,,,,,,,,,,,,,,,,,229,,14
PET,PETSample 93Beauty C,Chabuka et al. 2020,FTIR,ThermalNicolet Nexus 670 FT-IR,4/cm,3.0,,,,,,,,,,,,,,,,,,,,230,,6
PET,PETSample 94Beauty C,Chabuka et al. 2020,FTIR,ThermalNicolet Nexus 670 FT-IR,4/cm,3.0,,,,,,,,,,,,,,,,,,,,231,,14
PET,PETSample 95Beauty C,Chabuka et al. 2020,FTIR,ThermalNicolet Nexus 670 FT-IR,4/cm,3.0,,,,,,,,,,,,,,,,,,,,232,,2
PET,PETSample 96Beauty C,Chabuka et al. 2020,FTIR,ThermalNicolet Nexus 670 FT-IR,4/cm,3.0,,,,,,,,,,,,,,,,,,,,233,,2
PET,PETSample 97Beauty C,Chabuka et al. 2020,FTIR,ThermalNicolet Nexus 670 FT-IR,4/cm,3.0,,,,,,,,,,,,,,,,,,,,234,,6
PET,PETSample 98Beauty C,Chabuka et al. 2020,FTIR,ThermalNicolet Nexus 670 FT-IR,4/cm,3.0,,,,,,,,,,,,,,,,,,,,235,,6
PET,PETSample 99Beauty C,Chabuka et al. 2020,FTIR,ThermalNicolet Nexus 670 FT-IR,4/cm,3.0,,,,,,,,,,,,,,,,,,,,236,,6
PET,PETSample 100Beauty C,Chabuka et al. 2020,FTIR,ThermalNicolet Nexus 670 FT-IR,4/cm,3.0,,,,,,,,,,,,,,,,,,,,237,,2
PET,PETSample 101Beauty C,Chabuka et al. 2020,FTIR,ThermalNicolet Nexus 670 FT-IR,4/cm,3.0,,,,,,,,,,,,,,,,,,,,238,,6
PET,PETSample 102Beauty C,Chabuka et al. 2020,FTIR,ThermalNicolet Nexus 670 FT-IR,4/cm,3.0,,,,,,,,,,,,,,,,,,,,239,,6
PET,PETSample 103Beauty C,Chabuka et al. 2020,FTIR,ThermalNicolet Nexus 670 FT-IR,4/cm,3.0,,,,,,,,,,,,,,,,,,,,240,,6
PET,PETSample 104Beauty C,Chabuka et al. 2020,FTIR,ThermalNicolet Nexus 670 FT-IR,4/cm,3.0,,,,,,,,,,,,,,,,,,,,241,,2
PET,PETSample 105Beauty C,Chabuka et al. 2020,FTIR,ThermalNicolet Nexus 670 FT-IR,4/cm,3.0,,,,,,,,,,,,,,,,,,,,242,,2
PET,PETSample 106Beauty C,Chabuka et al. 2020,FTIR,ThermalNicolet Nexus 670 FT-IR,4/cm,3.0,,,,,,,,,,,,,,,,,,,,243,,2
PET,PETSample 107Beauty C,Chabuka et al. 2020,FTIR,ThermalNicolet Nexus 670 FT-IR,4/cm,3.0,,,,,,,,,,,,,,,,,,,,244,,2
PET,PETSample 108Beauty C,Chabuka et al. 2020,FTIR,ThermalNicolet Nexus 670 FT-IR,4/cm,3.0,,,,,,,,,,,,,,,,,,,,245,,2
PET,PETSample 109Beauty C,Chabuka et al. 2020,FTIR,ThermalNicolet Nexus 670 FT-IR,4/cm,3.0,,,,,,,,,,,,,,,,,,,,246,,2
PET,PETSample 110Beauty C,Chabuka et al. 2020,FTIR,ThermalNicolet Nexus 670 FT-IR,4/cm,3.0,,,,,,,,,,,,,,,,,,,,247,,2
PET,PETSample 111Beauty C,Chabuka et al. 2020,FTIR,ThermalNicolet Nexus 670 FT-IR,4/cm,3.0,,,,,,,,,,,,,,,,,,,,248,,2
PET,PETSample 112Beauty C,Chabuka et al. 2020,FTIR,ThermalNicolet Nexus 670 FT-IR,4/cm,3.0,,,,,,,,,,,,,,,,,,,,249,,2
PET,PETSample 113Beauty C,Chabuka et al. 2020,FTIR,ThermalNicolet Nexus 670 FT-IR,4/cm,3.0,,,,,,,,,,,,,,,,,,,,250,,2
PET,PETSample 114Beauty C,Chabuka et al. 2020,FTIR,ThermalNicolet Nexus 670 FT-IR,4/cm,3.0,,,,,,,,,,,,,,,,,,,,251,,2
PET,PETSample 115Beauty C,Chabuka et al. 2020,FTIR,ThermalNicolet Nexus 670 FT-IR,4/cm,3.0,,,,,,,,,,,,,,,,,,,,252,,2
PET,PETSample 116Beauty C,Chabuka et al. 2020,FTIR,ThermalNicolet Nexus 670 FT-IR,4/cm,3.0,,,,,,,,,,,,,,,,,,,,253,,2
PET,PETSample 117Beauty C,Chabuka et al. 2020,FTIR,ThermalNicolet Nexus 670 FT-IR,4/cm,3.0,,,,,,,,,,,,,,,,,,,,254,,2
PET,PETSample 118Beauty C,Chabuka et al. 2020,FTIR,ThermalNicolet Nexus 670 FT-IR,4/cm,3.0,,,,,,,,,,,,,,,,,,,,255,,2
PET,PETSample 119Beauty C,Chabuka et al. 2020,FTIR,ThermalNicolet Nexus 670 FT-IR,4/cm,3.0,,,,,,,,,,,,,,,,,,,,256,,2
PET,PETSample 120Beauty C,Chabuka et al. 2020,FTIR,ThermalNicolet Nexus 670 FT-IR,4/cm,3.0,,,,,,,,,,,,,,,,,,,,257,,2
PET,PETSample 121Beauty C,Chabuka et al. 2020,FTIR,ThermalNicolet Nexus 670 FT-IR,4/cm,3.0,,,,,,,,,,,,,,,,,,,,258,,2
PET,PETSample 122Beauty C,Chabuka et al. 2020,FTIR,ThermalNicolet Nexus 670 FT-IR,4/cm,3.0,,,,,,,,,,,,,,,,,,,,259,,2
PET,PETSample 123Beauty C,Chabuka et al. 2020,FTIR,ThermalNicolet Nexus 670 FT-IR,4/cm,3.0,,,,,,,,,,,,,,,,,,,,260,,2
PET,PETSample 124Beauty C,Chabuka et al. 2020,FTIR,ThermalNicolet Nexus 670 FT-IR,4/cm,3.0,,,,,,,,,,,,,,,,,,,,261,,2
PET,PETSample 125Beauty C,Chabuka et al. 2020,FTIR,ThermalNicolet Nexus 670 FT-IR,4/cm,3.0,,,,,,,,,,,,,,,,,,,,262,,2
PET,PETSample 126Beauty C,Chabuka et al. 2020,FTIR,ThermalNicolet Nexus 670 FT-IR,4/cm,3.0,,,,,,,,,,,,,,,,,,,,263,,2
PET,PETSample 127Beauty C,Chabuka et al. 2020,FTIR,ThermalNicolet Nexus 670 FT-IR,4/cm,3.0,,,,,,,,,,,,,,,,,,,,264,,2
PET,PETSample 128Beauty C,Chabuka et al. 2020,FTIR,ThermalNicolet Nexus 670 FT-IR,4/cm,3.0,,,,,,,,,,,,,,,,,,,,265,,2
PET,PETSample 129Beauty C,Chabuka et al. 2020,FTIR,ThermalNicolet Nexus 670 FT-IR,4/cm,3.0,,,,,,,,,,,,,,,,,,,,266,,2
PET,PETSample 130Beauty C,Chabuka et al. 2020,FTIR,ThermalNicolet Nexus 670 FT-IR,4/cm,3.0,,,,,,,,,,,,,,,,,,,,267,,2
PET,PETSample 131Beauty C,Chabuka et al. 2020,FTIR,ThermalNicolet Nexus 670 FT-IR,4/cm,3.0,,,,,,,,,,,,,,,,,,,,268,,2
PET,PETSample 132Beauty C,Chabuka et al. 2020,FTIR,ThermalNicolet Nexus 670 FT-IR,4/cm,3.0,,,,,,,,,,,,,,,,,,,,269,,2
PET,PETSample 133Beauty C,Chabuka et al. 2020,FTIR,ThermalNicolet Nexus 670 FT-IR,4/cm,3.0,,,,,,,,,,,,,,,,,,,,270,,2
PET,PETSample 134Beauty C,Chabuka et al. 2020,FTIR,ThermalNicolet Nexus 670 FT-IR,4/cm,3.0,,,,,,,,,,,,,,,,,,,,271,,2
PET,PETSample 135Beauty C,Chabuka et al. 2020,FTIR,ThermalNicolet Nexus 670 FT-IR,4/cm,3.0,,,,,,,,,,,,,,,,,,,,272,,2
1 2 polybutadiene,1Primpke,Primpke et al. 2018,FTIR,,,,beads,transparent,ATR,Natural /Synthetic Plastic/other polybutadiene 1_2_polybutadiene,"Scientific Polymer Products, Inc.",,,,,,,,,,,,,,,273,,29
acrylonitrile butadiene styrene,2Primpke,Primpke et al. 2018,FTIR,,,,foil,light brown,ATR,Natural /Synthetic Plastic/other acrylonitrile butadiene styrene ABS,RSH Polymere,,,,,,,,,,,,,,,274,,5
acrylonitrile butadiene styrene,3Primpke,Primpke et al. 2018,FTIR,,,,foil,light brown,ATR,Natural /Synthetic Plastic/other acrylonitrile butadiene styrene ABS,RSH Polymere,,,,,,,,,,,,,,,275,,12
fibre acetate,4Primpke,Primpke et al. 2018,FTIR,,,,fibre,white,ATR,Natural /Synthetic Plastic/other cellulose acetate fibre_acetate,Faserinstitut Bremen,,,,,,,,,,,,,,,276,,9
acrylonitrile butadiene,5Primpke,Primpke et al. 2018,FTIR,,,,crumbs,yellow,ATR,Natural /Synthetic Plastic/other acrylonitrile butadiene acrylonitrile_butadiene,"Scientific Polymer Products, Inc.",,,,,,,,,,,,,,,277,,17
algae desmarestia viridis,6Primpke,Primpke et al. 2018,FTIR,,,,unknown,unknown,ATR,Natural /Synthetic Plastic/other algae algae_desmarestia_viridis,unknown,,,,,,,,,,,,,,,278,,12
algae fucus serratus,7Primpke,Primpke et al. 2018,FTIR,,,,unknown,unknown,ATR,Natural /Synthetic Plastic/other algae algae_fucus_serratus,unknown,,,,,,,,,,,,,,,279,,4
algae laminaria digita and hyperborea,8Primpke,Primpke et al. 2018,FTIR,,,,unknown,unknown,ATR,Natural /Synthetic Plastic/other algae algae_laminaria_digita_and_hyperborea,unknown,,,,,,,,,,,,,,,280,,4
algae laminaria sacharina,9Primpke,Primpke et al. 2018,FTIR,,,,unknown,unknown,ATR,Natural /Synthetic Plastic/other algae algae laminaria sacharina,unknown,,,,,,,,,,,,,,,281,,4
alginic acid  sodium salt,10Primpke,Primpke et al. 2018,FTIR,,,,powder,light brown,ATR,Natural /Synthetic Plastic/other alginic acid alginic_acid_ sodium_salt,"Scientific Polymer Products, Inc.",,,,,,,,,,,,,,,282,,4
fur alpaca,11Primpke,Primpke et al. 2018,FTIR,,,,fibre,white,ATR,Natural /Synthetic Plastic/other fur fur_alpaca,Faserinstitut Bremen,,,,,,,,,,,,,,,283,,3
polyethylene wax oxidized,12Primpke,Primpke et al. 2018,FTIR,,,,wax powder,white,ATR,Natural /Synthetic Plastic/other polyethylene PE,Alroko,,,,,,,,,,,,,,,284,,1
polyethylene wax,13Primpke,Primpke et al. 2018,FTIR,,,,wax powder,white,ATR,Natural /Synthetic Plastic/other polyethylene PE,Alroko,,,,,,,,,,,,,,,285,,1
polyethylene wax,14Primpke,Primpke et al. 2018,FTIR,,,,wax powder,white,ATR,Natural /Synthetic Plastic/other polyethylene PE,Alroko,,,,,,,,,,,,,,,286,,1
fur angora rabbit,15Primpke,Primpke et al. 2018,FTIR,,,,fibre,white,ATR,Natural /Synthetic Plastic/other fur fur_angora_rabbit,Faserinstitut Bremen,,,,,,,,,,,,,,,287,,3
broodcomb,16Primpke,Primpke et al. 2018,FTIR,,,,chunk,brown,ATR,Natural /Synthetic Plastic/other honeycomb broodcomb,"Institut für Bienenkunde, Celle",,,,,,,,,,,,,,,288,,1
amber,17Primpke,Primpke et al. 2018,FTIR,,,,chunk,amber,ATR,Natural /Synthetic Plastic/other amber amber,unknown,,,,,,,,,,,,,,,289,,2
polyester epoxide,18Primpke,Primpke et al. 2018,FTIR,,,,powder,white,ATR,Natural /Synthetic Plastic/other polyester epoxide PES-EP,Betec,,,,,,,,,,,,,,,290,,2
epoxide resin,19Primpke,Primpke et al. 2018,FTIR,,,,powder,grey,ATR,Natural /Synthetic Plastic/other epoxide EP,Betec,,,,,,,,,,,,,,,291,,2
polyester,20Primpke,Primpke et al. 2018,FTIR,,,,powder,black,ATR,Natural /Synthetic Plastic/other polyester PES,Betec,,,,,,,,,,,,,,,292,,2
polyester epoxide,21Primpke,Primpke et al. 2018,FTIR,,,,powder,transparent,ATR,Natural /Synthetic Plastic/other polyester epoxide PES-EP,Betec,,,,,,,,,,,,,,,293,,2
polyhydroxybutyric acid,22Primpke,Primpke et al. 2018,FTIR,,,,pellet,light yellow,ATR,Natural /Synthetic Plastic/other polyhydroxybutyric acid PHB,Biomer,,,,,,,,,,,,,,,294,,5
butyl methacrylate isobutyl methacrolate,23Primpke,Primpke et al. 2018,FTIR,,,,beads,"white, transparent",ATR,Natural /Synthetic Plastic/other butyl methacrylate isobutyl methacrolate butyl_methacrylate_isobutyl_methacrolate,"Scientific Polymer Products, Inc.",,,,,,,,,,,,,,,295,,5
fur camel,24Primpke,Primpke et al. 2018,FTIR,,,,fibre,brown,ATR,Natural /Synthetic Plastic/other fur fur_camel,Faserinstitut Bremen,,,,,,,,,,,,,,,296,,3
wool cashmere crossbred,25Primpke,Primpke et al. 2018,FTIR,,,,fibre,white,ATR,Natural /Synthetic Plastic/other fur wool_cashmere_crossbred,Faserinstitut Bremen,,,,,,,,,,,,,,,297,,3
wool cashmere kasakhstan,26Primpke,Primpke et al. 2018,FTIR,,,,fibre,white,ATR,Natural /Synthetic Plastic/other fur wool_cashmere_kasakhstan,Faserinstitut Bremen,,,,,,,,,,,,,,,298,,3
wool cashmere mongolia,27Primpke,Primpke et al. 2018,FTIR,,,,fibre,brown,ATR,Natural /Synthetic Plastic/other fur wool_cashmere_mongolia,Faserinstitut Bremen,,,,,,,,,,,,,,,299,,3
fur cat european shorthair,28Primpke,Primpke et al. 2018,FTIR,,,,fibre,brown,ATR,Natural /Synthetic Plastic/other fur fur_cat_european_shorthair,Faserinstitut Bremen,,,,,,,,,,,,,,,300,,3
cellulose,29Primpke,Primpke et al. 2018,FTIR,,,,powder,white,ATR,Natural /Synthetic Plastic/other cellulose cellulose,"Scientific Polymer Products, Inc.",,,,,,,,,,,,,,,301,,4
cellulose acetate,30Primpke,Primpke et al. 2018,FTIR,,,,powder,white,ATR,Natural /Synthetic Plastic/other cellulose acetate cellulose_acetate,"Scientific Polymer Products, Inc.",,,,,,,,,,,,,,,302,,9
cellulose acetate butyrate,31Primpke,Primpke et al. 2018,FTIR,,,,fibrous solid,white,ATR,Natural /Synthetic Plastic/other cellulose acetate butyrate cellulose_acetate_butyrate,"Scientific Polymer Products, Inc.",,,,,,,,,,,,,,,303,,9
cellulose,32Primpke,Primpke et al. 2018,FTIR,,,,foil,transparent,ATR,Natural /Synthetic Plastic/other cellulose cellulose,Pütz GmbH + Co. Folien KG,,,,,,,,,,,,,,,304,,4
cellulose triacetate,33Primpke,Primpke et al. 2018,FTIR,,,,granular,"light yellow, transparent",ATR,Natural /Synthetic Plastic/other cellulose triacetate cellulose_triacetate,"Scientific Polymer Products, Inc.",,,,,,,,,,,,,,,305,,9
cellulose propionate,34Primpke,Primpke et al. 2018,FTIR,,,,pellets,transparent,ATR,Natural /Synthetic Plastic/other cellulose propionate cellulose_propionate,"Scientific Polymer Products, Inc.",,,,,,,,,,,,,,,306,,9
chitin crangon antonia,35Primpke,Primpke et al. 2018,FTIR,,,,unknown,unknown,ATR,Natural /Synthetic Plastic/other chitin chitin_crangon_antonia,unknown,,,,,,,,,,,,,,,307,,3
chitin from crustacean shells,36Primpke,Primpke et al. 2018,FTIR,,,,unknown,unknown,ATR,Natural /Synthetic Plastic/other chitin chitin_from_crustacean_shells,unknown,,,,,,,,,,,,,,,308,,4
chitin cancer pagurus,37Primpke,Primpke et al. 2018,FTIR,,,,unknown,unknown,ATR,Natural /Synthetic Plastic/other chitin chitin_cancer_pagurus,unknown,,,,,,,,,,,,,,,309,,24
fibre cocoanut,38Primpke,Primpke et al. 2018,FTIR,,,,fibre,brown,ATR,Natural /Synthetic Plastic/other plant fibre fibre_cocoanut,Faserinstitut Bremen,,,,,,,,,,,,,,,310,,4
copolyamide,39Primpke,Primpke et al. 2018,FTIR,,,,powder,"white, transparent",ATR,Natural /Synthetic Plastic/other polyamide PA,Abifor,,,,,,,,,,,,,,,311,,3
copolyamide,40Primpke,Primpke et al. 2018,FTIR,,,,powder,"white, transparent",ATR,Natural /Synthetic Plastic/other polyamide PA,Abifor,,,,,,,,,,,,,,,312,,3
copolyester,41Primpke,Primpke et al. 2018,FTIR,,,,powder,"white, transparent",ATR,Natural /Synthetic Plastic/other polyester PES,Abifor,,,,,,,,,,,,,,,313,,2
copolyester,42Primpke,Primpke et al. 2018,FTIR,,,,powder,"white, transparent",ATR,Natural /Synthetic Plastic/other polyester PES,Abifor,,,,,,,,,,,,,,,314,,2
copolyester,43Primpke,Primpke et al. 2018,FTIR,,,,powder,"white, transparent",ATR,Natural /Synthetic Plastic/other polyester PES,Abifor,,,,,,,,,,,,,,,315,,2
fibre cotton combers,44Primpke,Primpke et al. 2018,FTIR,,,,fibre,white,ATR,Natural /Synthetic Plastic/other plant fibre fibre_cotton_combers,Faserinstitut Bremen,,,,,,,,,,,,,,,316,,4
fibre cotton US pima,45Primpke,Primpke et al. 2018,FTIR,,,,fibre,white,ATR,Natural /Synthetic Plastic/other plant fibre fibre_cotton_US_pima,Faserinstitut Bremen,,,,,,,,,,,,,,,317,,4
fibre cotton uzbekistan,46Primpke,Primpke et al. 2018,FTIR,,,,fibre,white,ATR,Natural /Synthetic Plastic/other plant fibre fibre_cotton_uzbekistan,Faserinstitut Bremen,,,,,,,,,,,,,,,318,,4
fur cow,47Primpke,Primpke et al. 2018,FTIR,,,,fibre,brown,ATR,Natural /Synthetic Plastic/other fur fur_cow,Faserinstitut Bremen,,,,,,,,,,,,,,,319,,3
crangon  chitin exuvie,48Primpke,Primpke et al. 2018,FTIR,,,,unknown,unknown,ATR,Natural /Synthetic Plastic/other chitin crangon _chitin_exuvie,unknown,,,,,,,,,,,,,,,320,,3
polyethylene wax,49Primpke,Primpke et al. 2018,FTIR,,,,wax powder,white,ATR,Natural /Synthetic Plastic/other polyethylene PE,Deurex,,,,,,,,,,,,,,,321,,1
polyethylene wax,50Primpke,Primpke et al. 2018,FTIR,,,,wax powder,white,ATR,Natural /Synthetic Plastic/other polyethylene PE,Deurex,,,,,,,,,,,,,,,322,,1
polyethylene wax oxidized,51Primpke,Primpke et al. 2018,FTIR,,,,wax powder,white,ATR,Natural /Synthetic Plastic/other polyethylene PE,Deurex,,,,,,,,,,,,,,,323,,1
sealing ring EPDM,52Primpke,Primpke et al. 2018,FTIR,,,,chunk,black,ATR,Natural /Synthetic Plastic/other rubber sealing_ring_EPDM,Vaillant,,,,,,,,,,,,,,,324,,1
sealing ring EPDM,53Primpke,Primpke et al. 2018,FTIR,,,,chunk,black,ATR,Natural /Synthetic Plastic/other rubber sealing_ring_EPDM,FVV,,,,,,,,,,,,,,,325,,1
sealing ring Gardena 1124 large,54Primpke,Primpke et al. 2018,FTIR,,,,chunk,black,ATR,Natural /Synthetic Plastic/other rubber sealing_ring_Gardena_1124_large,Gardena,,,,,,,,,,,,,,,326,,1
sealing ring Gardena 1124 small,55Primpke,Primpke et al. 2018,FTIR,,,,chunk,black,ATR,Natural /Synthetic Plastic/other rubber sealing_ring_Gardena_1124_small,Gardena,,,,,,,,,,,,,,,327,,1
sealing ring Gardena 2824 large,56Primpke,Primpke et al. 2018,FTIR,,,,chunk,black,ATR,Natural /Synthetic Plastic/other rubber sealing_ring_Gardena_2824_large,Gardena,,,,,,,,,,,,,,,328,,1
sealing ring Gardena 2824 small,57Primpke,Primpke et al. 2018,FTIR,,,,chunk,black,ATR,Natural /Synthetic Plastic/other rubber sealing_ring_Gardena_2824_small,Gardena,,,,,,,,,,,,,,,329,,1
sealing ring Gardena 2824 medium,58Primpke,Primpke et al. 2018,FTIR,,,,chunk,black,ATR,Natural /Synthetic Plastic/other rubber sealing_ring_Gardena_2824_medium,Gardena,,,,,,,,,,,,,,,330,,1
fur dog,59Primpke,Primpke et al. 2018,FTIR,,,,fibre,black,ATR,Natural /Synthetic Plastic/other fur fur_dog,Faserinstitut Bremen,,,,,,,,,,,,,,,331,,3
honeycomb,60Primpke,Primpke et al. 2018,FTIR,,,,chunk,yellow,ATR,Natural /Synthetic Plastic/other honeycomb honeycomb,"Institut für Bienenkunde, Celle",,,,,,,,,,,,,,,332,,1
polystyrene expanded,61Primpke,Primpke et al. 2018,FTIR,,,,chunk,rose,ATR,Natural /Synthetic Plastic/other polystyrene PS,unknown,,,,,,,,,,,,,,,333,,7
copolyester,62Primpke,Primpke et al. 2018,FTIR,,,,powder,white,ATR,Natural /Synthetic Plastic/other polyester PES,BASF,,,,,,,,,,,,,,,334,,2
copolyester,63Primpke,Primpke et al. 2018,FTIR,,,,powder,white,ATR,Natural /Synthetic Plastic/other polyester PES,BASF,,,,,,,,,,,,,,,335,,2
silicone rubber,64Primpke,Primpke et al. 2018,FTIR,,,,chunk,transparent,ATR,Natural /Synthetic Plastic/other silicone silicone,Wacker,,,,,,,,,,,,,,,336,,10
polystyrene expanded,65Primpke,Primpke et al. 2018,FTIR,,,,chunk,white,ATR,Natural /Synthetic Plastic/other polystyrene PS,unknown,,,,,,,,,,,,,,,337,,7
ethyl cellulose,66Primpke,Primpke et al. 2018,FTIR,,,,powder,white,ATR,Natural /Synthetic Plastic/other ethyl cellulose ethyl_cellulose,"Scientific Polymer Products, Inc.",,,,,,,,,,,,,,,338,,4
ethylene acrylic acid,67Primpke,Primpke et al. 2018,FTIR,,,,beads,transparent,ATR,Natural /Synthetic Plastic/other ethylene acrylic acid ethylene_acrylic_acid,"Scientific Polymer Products, Inc.",,,,,,,,,,,,,,,339,,1
ethylene ethyl acrylate,68Primpke,Primpke et al. 2018,FTIR,,,,beads,"white, transparent",ATR,Natural /Synthetic Plastic/other ethylene ethyl acrylate ethylene_ethyl_acrylate,"Scientific Polymer Products, Inc.",,,,,,,,,,,,,,,340,,1
ethylene methacrylic acid,69Primpke,Primpke et al. 2018,FTIR,,,,beads,"white, transparent",ATR,Natural /Synthetic Plastic/other ethylene methacrylic acid ethylene_methacrylic_acid,"Scientific Polymer Products, Inc.",,,,,,,,,,,,,,,341,,1
ethylene propylene,70Primpke,Primpke et al. 2018,FTIR,,,,pellets,light yellow,ATR,Natural /Synthetic Plastic/other ethylene propylene ethylene_propylene,"Scientific Polymer Products, Inc.",,,,,,,,,,,,,,,342,,1
ethylene vinyl acetate,71Primpke,Primpke et al. 2018,FTIR,,,,beads,transparent,ATR,Natural /Synthetic Plastic/other ethylene vinyl acetate ethylene_vinyl_acetate,"Scientific Polymer Products, Inc.",,,,,,,,,,,,,,,343,,1
ethylene vinyl acetate,72Primpke,Primpke et al. 2018,FTIR,,,,beads,transparent,ATR,Natural /Synthetic Plastic/other ethylene vinyl acetate ethylene_vinyl_acetate,"Scientific Polymer Products, Inc.",,,,,,,,,,,,,,,344,,1
ethylene vinyl acetate,73Primpke,Primpke et al. 2018,FTIR,,,,beads,transparent,ATR,Natural /Synthetic Plastic/other ethylene vinyl acetate ethylene_vinyl_acetate,"Scientific Polymer Products, Inc.",,,,,,,,,,,,,,,345,,1
ethylene vinyl alcohol,74Primpke,Primpke et al. 2018,FTIR,,,,pellets,"white, transparent",ATR,Natural /Synthetic Plastic/other ethylene vinyl alcohol ethylene_vinyl_alcohol,"Scientific Polymer Products, Inc.",,,,,,,,,,,,,,,346,,12
ethylene vinyl alcohol,75Primpke,Primpke et al. 2018,FTIR,,,,powder,"white, transparent",ATR,Natural /Synthetic Plastic/other ethylene vinyl alcohol ethylene_vinyl_alcohol,Abifor,,,,,,,,,,,,,,,347,,1
ethylene vinyl alcohol,76Primpke,Primpke et al. 2018,FTIR,,,,powder,"white, transparent",ATR,Natural /Synthetic Plastic/other ethylene vinyl alcohol ethylene_vinyl_alcohol,Abifor,,,,,,,,,,,,,,,348,,1
polyethylene high density,77Primpke,Primpke et al. 2018,FTIR,,,,foil,transparent,ATR,Natural /Synthetic Plastic/other polyethylene HDPE,Orbita Film GmbH,,,,,,,,,,,,,,,349,,1
fibre urtica dioica L conar fibra,78Primpke,Primpke et al. 2018,FTIR,,,,fibre,brown,ATR,Natural /Synthetic Plastic/other plant fibre fibre_urtica_dioica_L_conar_fibra,Faserinstitut Bremen,,,,,,,,,,,,,,,350,,4
fibre flax,79Primpke,Primpke et al. 2018,FTIR,,,,fibre,brown,ATR,Natural /Synthetic Plastic/other plant fibre fibre_flax,Faserinstitut Bremen,,,,,,,,,,,,,,,351,,4
honeycomb freshly removed with nectar,80Primpke,Primpke et al. 2018,FTIR,,,,chunk,yellow,ATR,Natural /Synthetic Plastic/other honeycomb honeycomb_freshly_removed_with_nectar,"Institut für Bienenkunde, Celle",,,,,,,,,,,,,,,352,,1
honeycomb freshly removed,81Primpke,Primpke et al. 2018,FTIR,,,,chunk,yellow,ATR,Natural /Synthetic Plastic/other honeycomb honeycomb_freshly_removed,"Institut für Bienenkunde, Celle",,,,,,,,,,,,,,,353,,1
fibre grass,82Primpke,Primpke et al. 2018,FTIR,,,,fibre,brown,ATR,Natural /Synthetic Plastic/other plant fibre fibre_grass,Faserinstitut Bremen,,,,,,,,,,,,,,,354,,4
polyethylene high density,83Primpke,Primpke et al. 2018,FTIR,,,,powder,"white, transparent",ATR,Natural /Synthetic Plastic/other polyethylene HDPE,Abifor,,,,,,,,,,,,,,,355,,1
polyethylene high density,84Primpke,Primpke et al. 2018,FTIR,,,,powder,"white, transparent",ATR,Natural /Synthetic Plastic/other polyethylene HDPE,Abifor,,,,,,,,,,,,,,,356,,1
polyethylene high density,85Primpke,Primpke et al. 2018,FTIR,,,,pellet,transparent,ATR,Natural /Synthetic Plastic/other polyethylene HDPE,Plastics Europe,,,,,,,,,,,,,,,357,,1
fibre hemp fine,86Primpke,Primpke et al. 2018,FTIR,,,,fibre,brown,ATR,Natural /Synthetic Plastic/other plant fibre fibre_hemp_fine,Faserinstitut Bremen,,,,,,,,,,,,,,,358,,4
fibre hemp rough,87Primpke,Primpke et al. 2018,FTIR,,,,fibre,brown,ATR,Natural /Synthetic Plastic/other plant fibre fibre_hemp_rough,Faserinstitut Bremen,,,,,,,,,,,,,,,359,,4
alkyd varnish,88Primpke,Primpke et al. 2018,FTIR,,,,foil,blue,ATR,Natural /Synthetic Plastic/other alkyd varnish alkyd_varnish,Brillux,,,,,,,,,,,,,,,360,,5
alkyd varnish,89Primpke,Primpke et al. 2018,FTIR,,,,foil,black,ATR,Natural /Synthetic Plastic/other alkyd varnish alkyd_varnish,Brillux,,,,,,,,,,,,,,,361,,5
wood beech,90Primpke,Primpke et al. 2018,FTIR,,,,unknown,unknown,ATR,Natural /Synthetic Plastic/other wood wood_beech,unknown,,,,,,,,,,,,,,,362,,4
wood pine,91Primpke,Primpke et al. 2018,FTIR,,,,unknown,unknown,ATR,Natural /Synthetic Plastic/other wood wood_pine,unknown,,,,,,,,,,,,,,,363,,4
wood glue,92Primpke,Primpke et al. 2018,FTIR,,,,foil,white,ATR,Natural /Synthetic Plastic/other wood glue wood_glue,Ponal,,,,,,,,,,,,,,,364,,9
wood mahagoni,93Primpke,Primpke et al. 2018,FTIR,,,,unknown,unknown,ATR,Natural /Synthetic Plastic/other wood wood_mahagoni,unknown,,,,,,,,,,,,,,,365,,4
broodcomb once brooded,94Primpke,Primpke et al. 2018,FTIR,,,,chunk,brown,ATR,Natural /Synthetic Plastic/other honeycomb broodcomb_once_brooded,"Institut für Bienenkunde, Celle",,,,,,,,,,,,,,,366,,1
polytehylene terephthalate,95Primpke,Primpke et al. 2018,FTIR,,,,foil,white,ATR,Natural /Synthetic Plastic/other polyethylene terephthalate PET,Mitsubishi Polyester Film,,,,,,,,,,,,,,,367,,2
polytehylene terephthalate,96Primpke,Primpke et al. 2018,FTIR,,,,foil,transparent,ATR,Natural /Synthetic Plastic/other polyethylene terephthalate PET,Mitsubishi Polyester Film,,,,,,,,,,,,,,,368,,2
hydroxyethyl cellulose,97Primpke,Primpke et al. 2018,FTIR,,,,powder,light yellow,ATR,Natural /Synthetic Plastic/other hydroxyethyl cellulose hydroxyethyl cellulose,"Scientific Polymer Products, Inc.",,,,,,,,,,,,,,,369,,4
hydroxypropyl cellulose,98Primpke,Primpke et al. 2018,FTIR,,,,powder,white,ATR,Natural /Synthetic Plastic/other hydroxypropyl cellulose hydroxypropyl cellulose,"Scientific Polymer Products, Inc.",,,,,,,,,,,,,,,370,,4
hydroxypropyl methyl cellulose,99Primpke,Primpke et al. 2018,FTIR,,,,powder,white,ATR,Natural /Synthetic Plastic/other hydroxypropyl methyl cellulose hydroxypropyl methyl cellulose,"Scientific Polymer Products, Inc.",,,,,,,,,,,,,,,371,,4
fibre indian raw cotton,100Primpke,Primpke et al. 2018,FTIR,,,,fibre,white,ATR,Natural /Synthetic Plastic/other plant fibre fibre_indian_raw_cotton,Faserinstitut Bremen,,,,,,,,,,,,,,,372,,4
fibre jute,101Primpke,Primpke et al. 2018,FTIR,,,,fibre,brown,ATR,Natural /Synthetic Plastic/other plant fibre fibre_jute,Faserinstitut Bremen,,,,,,,,,,,,,,,373,,4
copolyamide,102Primpke,Primpke et al. 2018,FTIR,,,,chunk,"white, transparent",ATR,Natural /Synthetic Plastic/other polyamide PA,T&B TY-RAP,,,,,,,,,,,,,,,374,,3
fibre kapok,103Primpke,Primpke et al. 2018,FTIR,,,,fibre,white,ATR,Natural /Synthetic Plastic/other plant fibre fibre_kapok,Faserinstitut Bremen,,,,,,,,,,,,,,,375,,4
polyvinylchloride,104Primpke,Primpke et al. 2018,FTIR,,,,chunk,transparent,ATR,Natural /Synthetic Plastic/other polyvinylchloride PVC,Kautex,,,,,,,,,,,,,,,376,,15
polypropylene,105Primpke,Primpke et al. 2018,FTIR,,,,chunk,black,ATR,Natural /Synthetic Plastic/other polypropylene PP,Kautex,,,,,,,,,,,,,,,377,,8
polyethylene foamed,106Primpke,Primpke et al. 2018,FTIR,,,,chunk,white,ATR,Natural /Synthetic Plastic/other polyethylene PE,Kautex,,,,,,,,,,,,,,,378,,1
silica gel lab,107Primpke,Primpke et al. 2018,FTIR,,,,unknown,unknown,FTIR,Natural /Synthetic Plastic/other silica gel silica_gel_lab,unknown,,,,,,,,,,,,,,,379,,20
polyurethane acrylic resin,108Primpke,Primpke et al. 2018,FTIR,,,,foil,white,ATR,Natural /Synthetic Plastic/other polyurethane acrylic resin polyurethane_acrylic_resin,Krautol,,,,,,,,,,,,,,,380,,5
cellulose wipe,109Primpke,Primpke et al. 2018,FTIR,,,,chunk,unknown,ATR,Natural /Synthetic Plastic/other cellulose cellulose_wipe,unknown,,,,,,,,,,,,,,,381,,4
lahmian medium acrylic paint,110Primpke,Primpke et al. 2018,FTIR,,,,foil,transparent,ATR,Natural /Synthetic Plastic/other lahmian medium acrylic paint lahmian_medium_acrylic_paint,Citadel,,,,,,,,,,,,,,,382,,5
fur lama,111Primpke,Primpke et al. 2018,FTIR,,,,fibre,brown,ATR,Natural /Synthetic Plastic/other fur fur_lama,Faserinstitut Bremen,,,,,,,,,,,,,,,383,,3
polyethylene low density,112Primpke,Primpke et al. 2018,FTIR,,,,foil,transparent,ATR,Natural /Synthetic Plastic/other polyethylene LDPE,RSH Polymere,,,,,,,,,,,,,,,384,,1
polyethylene low density,113Primpke,Primpke et al. 2018,FTIR,,,,powder,"white, transparent",ATR,Natural /Synthetic Plastic/other polyethylene LDPE,Abifor,,,,,,,,,,,,,,,385,,1
polyethylene low density,114Primpke,Primpke et al. 2018,FTIR,,,,powder,"white, transparent",ATR,Natural /Synthetic Plastic/other polyethylene LDPE,Abifor,,,,,,,,,,,,,,,386,,1
polyethylene low density,115Primpke,Primpke et al. 2018,FTIR,,,,powder,"white, transparent",ATR,Natural /Synthetic Plastic/other polyethylene LDPE,Abifor,,,,,,,,,,,,,,,387,,1
polyethylene low density,116Primpke,Primpke et al. 2018,FTIR,,,,granular,"white, transparent",ATR,Natural /Synthetic Plastic/other polyethylene LDPE,RSH Polymere,,,,,,,,,,,,,,,388,,1
fibre linen,117Primpke,Primpke et al. 2018,FTIR,,,,fibre,brown,ATR,Natural /Synthetic Plastic/other plant fibre fibre_linen,Faserinstitut Bremen,,,,,,,,,,,,,,,389,,4
fibre linen,118Primpke,Primpke et al. 2018,FTIR,,,,fibre,brown,ATR,Natural /Synthetic Plastic/other plant fibre fibre_linen,Faserinstitut Bremen,,,,,,,,,,,,,,,390,,4
polyethylene low density,119Primpke,Primpke et al. 2018,FTIR,,,,foil,transparent,ATR,Natural /Synthetic Plastic/other polyethylene LDPE,Orbita Film GmbH,,,,,,,,,,,,,,,391,,1
polyethylene high density,120Primpke,Primpke et al. 2018,FTIR,,,,foil,transparent,ATR,Natural /Synthetic Plastic/other polyethylene HDPE,Orbita Film GmbH,,,,,,,,,,,,,,,392,,1
alkyd varnish,121Primpke,Primpke et al. 2018,FTIR,,,,foil,yellow,ATR,Natural /Synthetic Plastic/other alkyd varnish alkyd_varnish,Vallejo,,,,,,,,,,,,,,,393,,5
merino scoured wool made rough,122Primpke,Primpke et al. 2018,FTIR,,,,fibre,white,ATR,Natural /Synthetic Plastic/other fur merino_scoured_wool_made_rough,Faserinstitut Bremen,,,,,,,,,,,,,,,394,,3
alkyd varnish,123Primpke,Primpke et al. 2018,FTIR,,,,foil,dark green,ATR,Natural /Synthetic Plastic/other alkyd varnish alkyd_varnish,Hammerite,,,,,,,,,,,,,,,395,,5
methyl cellulose,124Primpke,Primpke et al. 2018,FTIR,,,,powder,white,ATR,Natural /Synthetic Plastic/other methyl cellulose methyl_cellulose,"Scientific Polymer Products, Inc.",,,,,,,,,,,,,,,396,,4
methyl vinyl ether maleic acid,125Primpke,Primpke et al. 2018,FTIR,,,,powder,light yellow,ATR,Natural /Synthetic Plastic/other methyl vinyl ether maleic acid methyl_vinyl_ether_maleic_acid,"Scientific Polymer Products, Inc.",,,,,,,,,,,,,,,397,,2
methyl vinyl ether maleic anhydride,126Primpke,Primpke et al. 2018,FTIR,,,,powder,white,ATR,Natural /Synthetic Plastic/other methyl vinyl ether maleic anhydride methyl vinyl ether_maleic anhydride copolymer,"Scientific Polymer Products, Inc.",,,,,,,,,,,,,,,398,,2
honeycomb middle wall,127Primpke,Primpke et al. 2018,FTIR,,,,chunk,yellow,ATR,Natural /Synthetic Plastic/other honeycomb honeycomb_middle_wall,"Institut für Bienenkunde, Celle",,,,,,,,,,,,,,,399,,1
fur mohair angora goat,128Primpke,Primpke et al. 2018,FTIR,,,,fibre,white,ATR,Natural /Synthetic Plastic/other fur fur_mohair_angora_goat,Faserinstitut Bremen,,,,,,,,,,,,,,,400,,3
polyimide,129Primpke,Primpke et al. 2018,FTIR,,,,foil,amber,ATR,Natural /Synthetic Plastic/other polyimide PI,Dr. Dietrich Müller GmbH,,,,,,,,,,,,,,,401,,2
aramid,130Primpke,Primpke et al. 2018,FTIR,,,,foil,white,ATR,Natural /Synthetic Plastic/other aramid Aramid,Dr. Dietrich Müller GmbH,,,,,,,,,,,,,,,402,,25
aramid,131Primpke,Primpke et al. 2018,FTIR,,,,foil,white,ATR,Natural /Synthetic Plastic/other aramid Aramid,Dr. Dietrich Müller GmbH,,,,,,,,,,,,,,,403,,25
polytehylene terephthalate,132Primpke,Primpke et al. 2018,FTIR,,,,foil,transparent,ATR,Natural /Synthetic Plastic/other polyethylene terephthalate PET,Dr. Dietrich Müller GmbH,,,,,,,,,,,,,,,404,,2
polyamide,133Primpke,Primpke et al. 2018,FTIR,,,,foil,white,ATR,Natural /Synthetic Plastic/other polyamide PA,Dr. Dietrich Müller GmbH,,,,,,,,,,,,,,,405,,3
polycarbonate,134Primpke,Primpke et al. 2018,FTIR,,,,foil,white,ATR,Natural /Synthetic Plastic/other polycarbonate PC,Dr. Dietrich Müller GmbH,,,,,,,,,,,,,,,406,,11
polyester,135Primpke,Primpke et al. 2018,FTIR,,,,foil,white,ATR,Natural /Synthetic Plastic/other polyester PES,Dr. Dietrich Müller GmbH,,,,,,,,,,,,,,,407,,2
polyvinylchloride,136Primpke,Primpke et al. 2018,FTIR,,,,foil,white,ATR,Natural /Synthetic Plastic/other polyvinylchloride PVC,Dr. Dietrich Müller GmbH,,,,,,,,,,,,,,,408,,5
polyester,137Primpke,Primpke et al. 2018,FTIR,,,,foil,white,ATR,Natural /Synthetic Plastic/other polyester PES,Dr. Dietrich Müller GmbH,,,,,,,,,,,,,,,409,,11
polyester,138Primpke,Primpke et al. 2018,FTIR,,,,foil,white,ATR,Natural /Synthetic Plastic/other polyester PES,Dr. Dietrich Müller GmbH,,,,,,,,,,,,,,,410,,11
polypropylene,139Primpke,Primpke et al. 2018,FTIR,,,,foil,transparent,ATR,Natural /Synthetic Plastic/other polypropylene PP,Dr. Dietrich Müller GmbH,,,,,,,,,,,,,,,411,,8
fibre mulberry silk,140Primpke,Primpke et al. 2018,FTIR,,,,fibre,white,ATR,Natural /Synthetic Plastic/other animal fibre fibre_mulberry_silk,Faserinstitut Bremen,,,,,,,,,,,,,,,412,,3
nitrile rubber,141Primpke,Primpke et al. 2018,FTIR,,,,chunk,light blue,ATR,Natural /Synthetic Plastic/other polyvinylchloride NBR,Carl Roth GmbH,,,,,,,,,,,,,,,413,,17
nylon 6 (3)  T,142Primpke,Primpke et al. 2018,FTIR,,,,pellets,transparent,ATR,Natural /Synthetic Plastic/other polyamide Nylon,"Scientific Polymer Products, Inc.",,,,,,,,,,,,,,,414,,3
nylon 6,143Primpke,Primpke et al. 2018,FTIR,,,,pellets,"white, transparent",ATR,Natural /Synthetic Plastic/other polyamide Nylon,"Scientific Polymer Products, Inc.",,,,,,,,,,,,,,,415,,3
nylon 6 6,144Primpke,Primpke et al. 2018,FTIR,,,,pellets,transparent,ATR,Natural /Synthetic Plastic/other polyamide Nylon,"Scientific Polymer Products, Inc.",,,,,,,,,,,,,,,416,,3
nylon 6 9,145Primpke,Primpke et al. 2018,FTIR,,,,pellets,light yellow,ATR,Natural /Synthetic Plastic/other polyamide Nylon,"Scientific Polymer Products, Inc.",,,,,,,,,,,,,,,417,,3
nylon 6 12,146Primpke,Primpke et al. 2018,FTIR,,,,pellets,transparent,ATR,Natural /Synthetic Plastic/other polyamide Nylon,"Scientific Polymer Products, Inc.",,,,,,,,,,,,,,,418,,3
nylon 11,147Primpke,Primpke et al. 2018,FTIR,,,,beads,transparent,ATR,Natural /Synthetic Plastic/other polyamide Nylon,"Scientific Polymer Products, Inc.",,,,,,,,,,,,,,,419,,3
nylon 12,148Primpke,Primpke et al. 2018,FTIR,,,,pellets,"light yellow, transparent",ATR,Natural /Synthetic Plastic/other polyamide Nylon,"Scientific Polymer Products, Inc.",,,,,,,,,,,,,,,420,,3
n vinylpyrrolidone vinyl acetate,149Primpke,Primpke et al. 2018,FTIR,,,,powder,white,ATR,Natural /Synthetic Plastic/other n vinylpyrrolidone vinyl acetate n_vinylpyrrolidone_vinyl acetate copolymer,"Scientific Polymer Products, Inc.",,,,,,,,,,,,,,,421,,18
honeycomb top bar,150Primpke,Primpke et al. 2018,FTIR,,,,chunk,brown,ATR,Natural /Synthetic Plastic/other honeycomb honeycomb_top_bar,"Institut für Bienenkunde, Celle",,,,,,,,,,,,,,,422,,1
fibre polyamide 6 (not)stretched,151Primpke,Primpke et al. 2018,FTIR,,,,fibre,white,ATR,Natural /Synthetic Plastic/other polyamide fibre_polyamide_6_(not)stretched,Faserinstitut Bremen,,,,,,,,,,,,,,,423,,3
fibre polyamide 6,152Primpke,Primpke et al. 2018,FTIR,,,,fibre,white,ATR,Natural /Synthetic Plastic/other polyamide PA 6,Faserinstitut Bremen,,,,,,,,,,,,,,,424,,3
polyamide 6,153Primpke,Primpke et al. 2018,FTIR,,,,foil,transparent,ATR,Natural /Synthetic Plastic/other polyamide PA6,mf-folien GmbH,,,,,,,,,,,,,,,425,,3
polyamide 6,154Primpke,Primpke et al. 2018,FTIR,,,,foil,transparent,ATR,Natural /Synthetic Plastic/other polyamide PA6,mf-folien GmbH,,,,,,,,,,,,,,,426,,3
polyamide 6,155Primpke,Primpke et al. 2018,FTIR,,,,chunk,light yellow,ATR,Natural /Synthetic Plastic/other polyamide PA 6,BASF,,,,,,,,,,,,,,,427,,3
fibre polyamide 6 P6.6,156Primpke,Primpke et al. 2018,FTIR,,,,fibre,white,ATR,Natural /Synthetic Plastic/other polyamide PA 6_P6,Faserinstitut Bremen,,,,,,,,,,,,,,,428,,3
polymaide 66,157Primpke,Primpke et al. 2018,FTIR,,,,chunk,light yellow,ATR,Natural /Synthetic Plastic/other polyamide PA 66,BASF,,,,,,,,,,,,,,,429,,3
polybuthylene terephthalate,158Primpke,Primpke et al. 2018,FTIR,,,,foil,transparent,ATR,Natural /Synthetic Plastic/other polybuthylene terephthalate PBT,mf-folien GmbH,,,,,,,,,,,,,,,430,,2
polybuthylene terephthalate,159Primpke,Primpke et al. 2018,FTIR,,,,chunk,white,ATR,Natural /Synthetic Plastic/other polybuthylene terephthalate PBT,BASF,,,,,,,,,,,,,,,431,,2
polycarbonate,160Primpke,Primpke et al. 2018,FTIR,,,,foil,transparent,ATR,Natural /Synthetic Plastic/other polycarbonate PC,Folienwerk Wolfen GmbH,,,,,,,,,,,,,,,432,,11
polycarbonate,161Primpke,Primpke et al. 2018,FTIR,,,,chunk,unknown,ATR,Natural /Synthetic Plastic/other polycarbonate PC,unknown,,,,,,,,,,,,,,,433,,11
polyesterurethane,162Primpke,Primpke et al. 2018,FTIR,,,,foil,transparent,ATR,Natural /Synthetic Plastic/other polyesterurethane PESTUR,BAYER,,,,,,,,,,,,,,,434,,5
copolyester,163Primpke,Primpke et al. 2018,FTIR,,,,foil,unknown,ATR,Natural /Synthetic Plastic/other polyester PES,BAYER,,,,,,,,,,,,,,,435,,2
polyester,164Primpke,Primpke et al. 2018,FTIR,,,,foil,white,ATR,Natural /Synthetic Plastic/other polyester PES,Pütz GmbH + Co. Folien KG,,,,,,,,,,,,,,,436,,2
polytehylene terephthalate,165Primpke,Primpke et al. 2018,FTIR,,,,foil,white,ATR,Natural /Synthetic Plastic/other polyethylene terephthalate PET,Pütz GmbH + Co. Folien KG,,,,,,,,,,,,,,,437,,2
polytehylene terephthalate amorphous,166Primpke,Primpke et al. 2018,FTIR,,,,foil,unknown,ATR,Natural /Synthetic Plastic/other polyethylene terephthalate PET,Folienwerk Wolfen GmbH,,,,,,,,,,,,,,,438,,2
polytehylene terephthalate,167Primpke,Primpke et al. 2018,FTIR,,,,foil,transparent,ATR,Natural /Synthetic Plastic/other polyethylene terephthalate PET,Pütz GmbH + Co. Folien KG,,,,,,,,,,,,,,,439,,2
phenoxy resin,168Primpke,Primpke et al. 2018,FTIR,,,,pellets,"white, transparent",ATR,Natural /Synthetic Plastic/other phenoxy resin phenoxy_resin,"Scientific Polymer Products, Inc.",,,,,,,,,,,,,,,440,,26
polylactic acid,169Primpke,Primpke et al. 2018,FTIR,,,,foil,transparent,ATR,Natural /Synthetic Plastic/other polylactic acid PLA,Folienwerk Wolfen GmbH,,,,,,,,,,,,,,,441,,21
polylactic acid,170Primpke,Primpke et al. 2018,FTIR,,,,foil,transparent,ATR,Natural /Synthetic Plastic/other polylactic acid PLA,Pütz GmbH + Co. Folien KG,,,,,,,,,,,,,,,442,,21
poly(1 butene) isotactic,171Primpke,Primpke et al. 2018,FTIR,,,,pellets,white,ATR,Natural /Synthetic Plastic/other poly 1-butene isotactic poly(1_butene)_isotactic,"Scientific Polymer Products, Inc.",,,,,,,,,,,,,,,443,,1
poly(2 4 6 tribromostyrene),172Primpke,Primpke et al. 2018,FTIR,,,,powder,white,ATR,Natural /Synthetic Plastic/other poly 2-4-6-tribromostyrene poly(2_4_6_tribromostyrene),"Scientific Polymer Products, Inc.",,,,,,,,,,,,,,,444,,30
poly(2 6 dimethyl p phenylene oxide),173Primpke,Primpke et al. 2018,FTIR,,,,powder,white,ATR,Natural /Synthetic Plastic/other poly 2-6-dimethyl-p-phenylene oxide poly(2_6_dimethyl_p_phenylene oxide),"Scientific Polymer Products, Inc.",,,,,,,,,,,,,,,445,,31
poly(2 hydroxyethyl methacrylate),174Primpke,Primpke et al. 2018,FTIR,,,,granular,white,ATR,Natural /Synthetic Plastic/other poly 2-hydroxyethyl-methacrylate poly(2_hydroxyethyl methacrylate),"Scientific Polymer Products, Inc.",,,,,,,,,,,,,,,446,,5
poly(4 4' dipropoxy 2 2' diphenyl propane fumarate),175Primpke,Primpke et al. 2018,FTIR,,,,granular,yellow,ATR,Natural /Synthetic Plastic/other poly 4-4'-dipropoxy-2-2'-diphenyl propane fumarate poly(4_4'_dipropoxy_2_2'_diphenyl propane fumarate),"Scientific Polymer Products, Inc.",,,,,,,,,,,,,,,447,,26
poly(4 methyl 1 pentene),176Primpke,Primpke et al. 2018,FTIR,,,,beads,transparent,ATR,Natural /Synthetic Plastic/other poly 4-methyl-1-pentene poly(4_methyl_1_pentene),"Scientific Polymer Products, Inc.",,,,,,,,,,,,,,,448,,8
poly(acrylic acid),177Primpke,Primpke et al. 2018,FTIR,,,,powder,white,ATR,Natural /Synthetic Plastic/other polyacrylic acid poly(acrylic acid),"Scientific Polymer Products, Inc.",,,,,,,,,,,,,,,449,,2
poly(butylene terephthalate),178Primpke,Primpke et al. 2018,FTIR,,,,pellets,white,ATR,Natural /Synthetic Plastic/other polybuthylene terephthalate poly(butylene terephthalate),"Scientific Polymer Products, Inc.",,,,,,,,,,,,,,,450,,2
poly(diallyl isophthalate),179Primpke,Primpke et al. 2018,FTIR,,,,powder,white,ATR,Natural /Synthetic Plastic/other polydiallyl isophthalate poly(diallyl isophthalate),"Scientific Polymer Products, Inc.",,,,,,,,,,,,,,,451,,5
poly(ethylene glycol),180Primpke,Primpke et al. 2018,FTIR,,,,powder,white,ATR,Natural /Synthetic Plastic/other polyethylene glycol PEG,"Scientific Polymer Products, Inc.",,,,,,,,,,,,,,,452,,19
poly(ethylene oxide),181Primpke,Primpke et al. 2018,FTIR,,,,powder,white,ATR,Natural /Synthetic Plastic/other polyethylene oxide poly(ethylene oxide),"Scientific Polymer Products, Inc.",,,,,,,,,,,,,,,453,,19
poly(ethylene terephthalate),182Primpke,Primpke et al. 2018,FTIR,,,,pellets,transparent,ATR,Natural /Synthetic Plastic/other polyethylene terephthalate PET,"Scientific Polymer Products, Inc.",,,,,,,,,,,,,,,454,,2
poly(ethyl methacrylate),183Primpke,Primpke et al. 2018,FTIR,,,,powder,white,ATR,Natural /Synthetic Plastic/other polyethyl methacrylate poly(ethyl methacrylate),"Scientific Polymer Products, Inc.",,,,,,,,,,,,,,,455,,5
poly(isobutyl methacrylate),184Primpke,Primpke et al. 2018,FTIR,,,,powder,white,ATR,Natural /Synthetic Plastic/other polyisobutyl methacrylate poly(isobutyl methacrylate),"Scientific Polymer Products, Inc.",,,,,,,,,,,,,,,456,,5
poly(methyl methacrylate),185Primpke,Primpke et al. 2018,FTIR,,,,powder,white,ATR,Natural /Synthetic Plastic/other polymethyl methacrylate PMMA,"Scientific Polymer Products, Inc.",,,,,,,,,,,,,,,457,,5
poly(n butyl methacrylate),186Primpke,Primpke et al. 2018,FTIR,,,,beads,white,ATR,Natural /Synthetic Plastic/other poly n-butyl methacrylate poly(n_butyl methacrylate),"Scientific Polymer Products, Inc.",,,,,,,,,,,,,,,458,,5
poly(phenylene sulfide),187Primpke,Primpke et al. 2018,FTIR,,,,powder,white,ATR,Natural /Synthetic Plastic/other polyphenylene sulfide poly(phenylene sulfide),"Scientific Polymer Products, Inc.",,,,,,,,,,,,,,,459,,32
poly(p phenylene ether sulphone),188Primpke,Primpke et al. 2018,FTIR,,,,pellets,"yellow, transparent",ATR,Natural /Synthetic Plastic/other poly p-phenylene ether sulphone poly(p_phenylene ether_sulphone),"Scientific Polymer Products, Inc.",,,,,,,,,,,,,,,460,,22
poly(tetrafluoroethylene),189Primpke,Primpke et al. 2018,FTIR,,,,powder,white,ATR,Natural /Synthetic Plastic/other polytetrafluoroethylene PTFE,"Scientific Polymer Products, Inc.",,,,,,,,,,,,,,,461,,6
poly(vinyl acetate),190Primpke,Primpke et al. 2018,FTIR,,,,beads,transparent,ATR,Natural /Synthetic Plastic/other polyvinyl acetate poly(vinyl_acetate),"Scientific Polymer Products, Inc.",,,,,,,,,,,,,,,462,,9
poly(vinyl alcohol),191Primpke,Primpke et al. 2018,FTIR,,,,granular,white,ATR,Natural /Synthetic Plastic/other polyvinyl alcohol poly(vinyl alcohol),"Scientific Polymer Products, Inc.",,,,,,,,,,,,,,,463,,12
poly(vinyl alcohol),192Primpke,Primpke et al. 2018,FTIR,,,,granular,white,ATR,Natural /Synthetic Plastic/other polyvinyl alcohol poly(vinyl_alcohol),"Scientific Polymer Products, Inc.",,,,,,,,,,,,,,,464,,12
poly(vinyl butyral),193Primpke,Primpke et al. 2018,FTIR,,,,powder,white,ATR,Natural /Synthetic Plastic/other polyvinyl butyral poly(vinyl butyral),"Scientific Polymer Products, Inc.",,,,,,,,,,,,,,,465,,23
poly(vinyl chloride),194Primpke,Primpke et al. 2018,FTIR,,,,powder,white,ATR,Natural /Synthetic Plastic/other polyvinylchloride PVC,"Scientific Polymer Products, Inc.",,,,,,,,,,,,,,,466,,15
poly(vinyl chloride) carboxylated,195Primpke,Primpke et al. 2018,FTIR,,,,powder,white,ATR,Natural /Synthetic Plastic/other polyvinylchloride poly(vinyl chloride)_carboxylated,"Scientific Polymer Products, Inc.",,,,,,,,,,,,,,,467,,15
poly(vinyl formal),196Primpke,Primpke et al. 2018,FTIR,,,,granular,white,ATR,Natural /Synthetic Plastic/other polyvinyl formal poly(vinyl formal),"Scientific Polymer Products, Inc.",,,,,,,,,,,,,,,468,,10
poly(vinylidene fluoride),197Primpke,Primpke et al. 2018,FTIR,,,,powder,white,ATR,Natural /Synthetic Plastic/other polyvinylidene fluoride poly(vinylidene fluoride),"Scientific Polymer Products, Inc.",,,,,,,,,,,,,,,469,,27
poly(vinyl stearate),198Primpke,Primpke et al. 2018,FTIR,,,,powder,white,ATR,Natural /Synthetic Plastic/other polyvinyl stearate poly(vinyl stearate),"Scientific Polymer Products, Inc.",,,,,,,,,,,,,,,470,,1
polyacetal,199Primpke,Primpke et al. 2018,FTIR,,,,pellets,white,ATR,Natural /Synthetic Plastic/other polyacetal polyacetal,"Scientific Polymer Products, Inc.",,,,,,,,,,,,,,,471,,19
polyacrylamide,200Primpke,Primpke et al. 2018,FTIR,,,,granular,white,ATR,Natural /Synthetic Plastic/other polyacrylamide polyacrylamide,"Scientific Polymer Products, Inc.",,,,,,,,,,,,,,,472,,28
polyacrylamide carboxyl modified,201Primpke,Primpke et al. 2018,FTIR,,,,powder,white,ATR,Natural /Synthetic Plastic/other polyacrylamide polyacrylamide_carboxyl modified_high carboxyl content,"Scientific Polymer Products, Inc.",,,,,,,,,,,,,,,473,,28
fibre polyactide,202Primpke,Primpke et al. 2018,FTIR,,,,fibre,white,ATR,Natural /Synthetic Plastic/other polyactide fibre_polyactide,Faserinstitut Bremen,,,,,,,,,,,,,,,474,,21
polyamide resin,203Primpke,Primpke et al. 2018,FTIR,,,,pellets,yellow,ATR,Natural /Synthetic Plastic/other polyamide polyamide_resin,"Scientific Polymer Products, Inc.",,,,,,,,,,,,,,,475,,1
polycaprolactone,204Primpke,Primpke et al. 2018,FTIR,,,,powder,"white, transparent",ATR,Natural /Synthetic Plastic/other polycaprolactone PCL,Abifor,,,,,,,,,,,,,,,476,,5
polycaprolactone,205Primpke,Primpke et al. 2018,FTIR,,,,pellets,white,ATR,Natural /Synthetic Plastic/other polycaprolactone polycaprolactone,"Scientific Polymer Products, Inc.",,,,,,,,,,,,,,,477,,5
polycarbonate,206Primpke,Primpke et al. 2018,FTIR,,,,pellets,transparent,ATR,Natural /Synthetic Plastic/other polycarbonate PC,"Scientific Polymer Products, Inc.",,,,,,,,,,,,,,,478,,11
polycarbonate,207Primpke,Primpke et al. 2018,FTIR,,,,chunk,transparent,ATR,Natural /Synthetic Plastic/other polycarbonate PC,unknown,,,,,,,,,,,,,,,479,,11
polychloroprene,208Primpke,Primpke et al. 2018,FTIR,,,,chips,light brown,ATR,Natural /Synthetic Plastic/other polychloroprene polychloroprene,"Scientific Polymer Products, Inc.",,,,,,,,,,,,,,,480,,23
fibre polyester,209Primpke,Primpke et al. 2018,FTIR,,,,fibre,white,ATR,Natural /Synthetic Plastic/other polyester PES,Faserinstitut Bremen,,,,,,,,,,,,,,,481,,2
fibre polyester,210Primpke,Primpke et al. 2018,FTIR,,,,fibre,white,ATR,Natural /Synthetic Plastic/other polyester PES,Faserinstitut Bremen,,,,,,,,,,,,,,,482,,2
fibre polyetheretherketone,211Primpke,Primpke et al. 2018,FTIR,,,,fibre,white,ATR,Natural /Synthetic Plastic/other polyetheretherketone PEEK,Faserinstitut Bremen,,,,,,,,,,,,,,,483,,33
polyethylene low density,212Primpke,Primpke et al. 2018,FTIR,,,,foil,red,ATR,Natural /Synthetic Plastic/other polyethylene LDPE,unknown,,,,,,,,,,,,,,,484,,1
polyethylene chlorinated,213Primpke,Primpke et al. 2018,FTIR,,,,powder,white,ATR,Natural /Synthetic Plastic/other polyethylene polyethylene_chlorinated_25%,"Scientific Polymer Products, Inc.",,,,,,,,,,,,,,,485,,1
polyethylene chlorinated,214Primpke,Primpke et al. 2018,FTIR,,,,powder,white,ATR,Natural /Synthetic Plastic/other polyethylene polyethylene_chlorinated_36%,"Scientific Polymer Products, Inc.",,,,,,,,,,,,,,,486,,10
polyethylene chlorinated,215Primpke,Primpke et al. 2018,FTIR,,,,powder,white,ATR,Natural /Synthetic Plastic/other polyethylene polyethylene_chlorinated_42%,"Scientific Polymer Products, Inc.",,,,,,,,,,,,,,,487,,1
polyethylene chlorosulfonated,216Primpke,Primpke et al. 2018,FTIR,,,,chunks,white,ATR,Natural /Synthetic Plastic/other polyethylene polyethylene_chlorosulfonated,"Scientific Polymer Products, Inc.",,,,,,,,,,,,,,,488,,23
polyethylene high density,217Primpke,Primpke et al. 2018,FTIR,,,,pellets,white,ATR,Natural /Synthetic Plastic/other polyethylene HDPE,"Scientific Polymer Products, Inc.",,,,,,,,,,,,,,,489,,1
polyethylene low density,218Primpke,Primpke et al. 2018,FTIR,,,,pellets,white,ATR,Natural /Synthetic Plastic/other polyethylene LDPE,"Scientific Polymer Products, Inc.",,,,,,,,,,,,,,,490,,1
polyethylene oxidized,219Primpke,Primpke et al. 2018,FTIR,,,,pellets,white,ATR,Natural /Synthetic Plastic/other polyethylene PE,"Scientific Polymer Products, Inc.",,,,,,,,,,,,,,,491,,1
polyethylene terephtalate,220Primpke,Primpke et al. 2018,FTIR,,,,chunk,light blue,ATR,Natural /Synthetic Plastic/other polyethylene terephthalate PET,Germeta,,,,,,,,,,,,,,,492,,2
polyisoprene chlorinated,221Primpke,Primpke et al. 2018,FTIR,,,,powder,white,ATR,Natural /Synthetic Plastic/other polyisoprene polyisoprene_chlorinated,"Scientific Polymer Products, Inc.",,,,,,,,,,,,,,,493,,15
fibre polypropylene,222Primpke,Primpke et al. 2018,FTIR,,,,fibre,white,ATR,Natural /Synthetic Plastic/other polypropylene PP,Faserinstitut Bremen,,,,,,,,,,,,,,,494,,8
fibre polypropylene dyed,223Primpke,Primpke et al. 2018,FTIR,,,,fibre,blue,ATR,Natural /Synthetic Plastic/other polypropylene PP,Faserinstitut Bremen,,,,,,,,,,,,,,,495,,8
polypropylene isotactic,224Primpke,Primpke et al. 2018,FTIR,,,,pellets,white,ATR,Natural /Synthetic Plastic/other polypropylene PP,"Scientific Polymer Products, Inc.",,,,,,,,,,,,,,,496,,8
polypropylene,225Primpke,Primpke et al. 2018,FTIR,,,,foil,transparent,ATR,Natural /Synthetic Plastic/other polypropylene PP,Pütz GmbH + Co. Folien KG,,,,,,,,,,,,,,,497,,8
polystyrene,226Primpke,Primpke et al. 2018,FTIR,,,,pellets,transparent,ATR,Natural /Synthetic Plastic/other polystyrene PS,"Scientific Polymer Products, Inc.",,,,,,,,,,,,,,,498,,7
polysulfone,227Primpke,Primpke et al. 2018,FTIR,,,,pellets,"light yellow, transparent",ATR,Natural /Synthetic Plastic/other polysulfone polysulfone,"Scientific Polymer Products, Inc.",,,,,,,,,,,,,,,499,,22
polytetrafluoroethylene,228Primpke,Primpke et al. 2018,FTIR,,,,chunk,white,ATR,Natural /Synthetic Plastic/other polytetrafluoroethylene PTFE,unknown,,,,,,,,,,,,,,,500,,6
polyurethane,229Primpke,Primpke et al. 2018,FTIR,,,,powder,"white, transparent",ATR,Natural /Synthetic Plastic/other polyurethane PUR,Abifor,,,,,,,,,,,,,,,501,,5
polyurethane,230Primpke,Primpke et al. 2018,FTIR,,,,powder,"white, transparent",ATR,Natural /Synthetic Plastic/other polyurethane PUR,Abifor,,,,,,,,,,,,,,,502,,5
polyurethane,231Primpke,Primpke et al. 2018,FTIR,,,,powder,"white, transparent",ATR,Natural /Synthetic Plastic/other polyurethane PUR,Abifor,,,,,,,,,,,,,,,503,,5
polyurethane,232Primpke,Primpke et al. 2018,FTIR,,,,powder,"white, transparent",ATR,Natural /Synthetic Plastic/other polyurethane PUR,Abifor,,,,,,,,,,,,,,,504,,5
fibre polyvinyl alcohol,233Primpke,Primpke et al. 2018,FTIR,,,,fibre,green,ATR,Natural /Synthetic Plastic/other polyvinyl alcohol fibre_polyvinyl_alcohol,Faserinstitut Bremen,,,,,,,,,,,,,,,505,,12
polyvinyl alcohol,234Primpke,Primpke et al. 2018,FTIR,,,,powder,"white, transparent",ATR,Natural /Synthetic Plastic/other polyvinyl alcohol PVAL,Abifor,,,,,,,,,,,,,,,506,,9
fibre polyvinylidene fluoride,235Primpke,Primpke et al. 2018,FTIR,,,,fibre,white,ATR,Natural /Synthetic Plastic/other polyvinylidene fluoride PVDF,Faserinstitut Bremen,,,,,,,,,,,,,,,507,,27
polyvinylpyrrolidone,236Primpke,Primpke et al. 2018,FTIR,,,,powder,white,ATR,Natural /Synthetic Plastic/other polyvinylpyrrolidone polyvinylpyrrolidone,"Scientific Polymer Products, Inc.",,,,,,,,,,,,,,,508,,18
polyoxymethylene,237Primpke,Primpke et al. 2018,FTIR,,,,chunk,white,ATR,Natural /Synthetic Plastic/other polyoxymethylene POM,BASF,,,,,,,,,,,,,,,509,,19
fibre poplar down,238Primpke,Primpke et al. 2018,FTIR,,,,fibre,white,ATR,Natural /Synthetic Plastic/other plant fibre fibre_poplar_down,Faserinstitut Bremen,,,,,,,,,,,,,,,510,,4
fibre poplar down,239Primpke,Primpke et al. 2018,FTIR,,,,fibre,white,ATR,Natural /Synthetic Plastic/other plant fibre fibre_poplar_down,Faserinstitut Bremen,,,,,,,,,,,,,,,511,,4
polypropylene,240Primpke,Primpke et al. 2018,FTIR,,,,foil,transparent,ATR,Natural /Synthetic Plastic/other polypropylene PP,RSH Polymere,,,,,,,,,,,,,,,512,,8
polypropylene,241Primpke,Primpke et al. 2018,FTIR,,,,foil,transparent,ATR,Natural /Synthetic Plastic/other polypropylene PP,Bene,,,,,,,,,,,,,,,513,,8
polypropylene,242Primpke,Primpke et al. 2018,FTIR,,,,pellet,transparent,ATR,Natural /Synthetic Plastic/other polypropylene PP,Plastics Europe,,,,,,,,,,,,,,,514,,8
polypropylene,243Primpke,Primpke et al. 2018,FTIR,,,,granular,"white, transparent",ATR,Natural /Synthetic Plastic/other polypropylene PP,RSH Polymere,,,,,,,,,,,,,,,515,,8
polyphenylsulfone,244Primpke,Primpke et al. 2018,FTIR,,,,chunk,"brown, transparent",ATR,Natural /Synthetic Plastic/other polyphenylsulfone PPSU,BASF,,,,,,,,,,,,,,,516,,22
polypropylene,245Primpke,Primpke et al. 2018,FTIR,,,,foil,"white, transparent",ATR,Natural /Synthetic Plastic/other polypropylene PP,Orbita Film GmbH,,,,,,,,,,,,,,,517,,8
polystyrene,246Primpke,Primpke et al. 2018,FTIR,,,,foil,transparent,ATR,Natural /Synthetic Plastic/other polystyrene PS,Ergo.fol norflex GmbH,,,,,,,,,,,,,,,518,,7
polystyrene,247Primpke,Primpke et al. 2018,FTIR,,,,foil,transparent,ATR,Natural /Synthetic Plastic/other polystyrene PS,Ergo.fol norflex GmbH,,,,,,,,,,,,,,,519,,7
polystyrene,248Primpke,Primpke et al. 2018,FTIR,,,,chunk,transparent,ATR,Natural /Synthetic Plastic/other polystyrene PS,Greiner Labortechnik,,,,,,,,,,,,,,,520,,7
polyesterurethane,249Primpke,Primpke et al. 2018,FTIR,,,,foil,transparent,ATR,Natural /Synthetic Plastic/other polyesterurethane PESTUR,BAYER,,,,,,,,,,,,,,,521,,13
polyesterurethane,250Primpke,Primpke et al. 2018,FTIR,,,,foil,transparent,ATR,Natural /Synthetic Plastic/other polyesterurethane PESTUR,BAYER,,,,,,,,,,,,,,,522,,13
polyetherurethane,251Primpke,Primpke et al. 2018,FTIR,,,,foil,transparent,ATR,Natural /Synthetic Plastic/other polyetherurethane PEUR,BAYER,,,,,,,,,,,,,,,523,,13
polyetherurethane,252Primpke,Primpke et al. 2018,FTIR,,,,foil,transparent,ATR,Natural /Synthetic Plastic/other polyetherurethane PEUR,BAYER,,,,,,,,,,,,,,,524,,13
polyurethane,253Primpke,Primpke et al. 2018,FTIR,,,,foil,white,ATR,Natural /Synthetic Plastic/other polyurethane Polyurethan Polymer Dispersion,Vallejo,,,,,,,,,,,,,,,525,,5
polyetherester,254Primpke,Primpke et al. 2018,FTIR,,,,foil,unknown,ATR,Natural /Synthetic Plastic/other polyetherester polyetherester,BAYER,,,,,,,,,,,,,,,526,,2
polyvinylchloride with plasticizer,255Primpke,Primpke et al. 2018,FTIR,,,,foil,transparent,ATR,Natural /Synthetic Plastic/other polyvinylchloride PVC-P,Leitz,,,,,,,,,,,,,,,527,,15
quartz sand lab,256Primpke,Primpke et al. 2018,FTIR,,,,beads,unknown,FTIR,Natural /Synthetic Plastic/other quartz sand quartz_sand_lab,unknown,,,,,,,,,,,,,,,528,,20
quartz sand beach,257Primpke,Primpke et al. 2018,FTIR,,,,beads,unknown,FTIR,Natural /Synthetic Plastic/other quartz sand quartz_sand_beach,unknown,,,,,,,,,,,,,,,529,,20
wool raw cashmere afghanistan,258Primpke,Primpke et al. 2018,FTIR,,,,fibre,brown,ATR,Natural /Synthetic Plastic/other fur wool_raw_cashmere_afghanistan,Faserinstitut Bremen,,,,,,,,,,,,,,,530,,3
wool raw cashmere mongolia,259Primpke,Primpke et al. 2018,FTIR,,,,fibre,brown,ATR,Natural /Synthetic Plastic/other fur wool_raw_cashmere_mongolia,Faserinstitut Bremen,,,,,,,,,,,,,,,531,,3
fur red deer,260Primpke,Primpke et al. 2018,FTIR,,,,fibre,white,ATR,Natural /Synthetic Plastic/other fur fur_red_deer,Faserinstitut Bremen,,,,,,,,,,,,,,,532,,3
fibre roasted flax,261Primpke,Primpke et al. 2018,FTIR,,,,fibre,brown,ATR,Natural /Synthetic Plastic/other plant fibre fibre_roasted_flax,Faserinstitut Bremen,,,,,,,,,,,,,,,533,,4
polyethylene low density linear,262Primpke,Primpke et al. 2018,FTIR,,,,foil,transparent,ATR,Natural /Synthetic Plastic/other polyethylene LDPE,Orbita Film GmbH,,,,,,,,,,,,,,,534,,1
styrene acrylonitrile,263Primpke,Primpke et al. 2018,FTIR,,,,foil,transparent,ATR,Natural /Synthetic Plastic/other styrene acrylonitrile SAN,Ergo.fol norflex GmbH,,,,,,,,,,,,,,,535,,7
polyethylene low density,264Primpke,Primpke et al. 2018,FTIR,,,,powder,transparent,ATR,Natural /Synthetic Plastic/other polyethylene LDPE,Schaetti,,,,,,,,,,,,,,,536,,1
polyethylene low density,265Primpke,Primpke et al. 2018,FTIR,,,,powder,transparent,ATR,Natural /Synthetic Plastic/other polyethylene LDPE,Schaetti,,,,,,,,,,,,,,,537,,1
polyester,266Primpke,Primpke et al. 2018,FTIR,,,,powder,transparent,ATR,Natural /Synthetic Plastic/other polyester PES,Schaetti,,,,,,,,,,,,,,,538,,2
polyester,267Primpke,Primpke et al. 2018,FTIR,,,,powder,transparent,ATR,Natural /Synthetic Plastic/other polyester PES,Schaetti,,,,,,,,,,,,,,,539,,2
polyethylene high density,268Primpke,Primpke et al. 2018,FTIR,,,,powder,transparent,ATR,Natural /Synthetic Plastic/other polyethylene HDPE,Schaetti,,,,,,,,,,,,,,,540,,1
polyethylene high density,269Primpke,Primpke et al. 2018,FTIR,,,,powder,transparent,ATR,Natural /Synthetic Plastic/other polyethylene HDPE,Schaetti,,,,,,,,,,,,,,,541,,1
polyethylene high density,270Primpke,Primpke et al. 2018,FTIR,,,,powder,transparent,ATR,Natural /Synthetic Plastic/other polyethylene HDPE,Schaetti,,,,,,,,,,,,,,,542,,1
copolyamide,271Primpke,Primpke et al. 2018,FTIR,,,,powder,transparent,ATR,Natural /Synthetic Plastic/other polyamide PA,Schaetti,,,,,,,,,,,,,,,543,,3
copolyamide,272Primpke,Primpke et al. 2018,FTIR,,,,powder,transparent,ATR,Natural /Synthetic Plastic/other polyamide PA,Schaetti,,,,,,,,,,,,,,,544,,3
polyamide,273Primpke,Primpke et al. 2018,FTIR,,,,powder,transparent,ATR,Natural /Synthetic Plastic/other polyamide PA,Schaetti,,,,,,,,,,,,,,,545,,3
polyurethane,274Primpke,Primpke et al. 2018,FTIR,,,,powder,transparent,ATR,Natural /Synthetic Plastic/other polyurethane PUR,Schaetti,,,,,,,,,,,,,,,546,,13
polyurethane,275Primpke,Primpke et al. 2018,FTIR,,,,powder,transparent,ATR,Natural /Synthetic Plastic/other polyurethane PUR,Schaetti,,,,,,,,,,,,,,,547,,13
polyurethane,276Primpke,Primpke et al. 2018,FTIR,,,,powder,transparent,ATR,Natural /Synthetic Plastic/other polyurethane PUR,Schaetti,,,,,,,,,,,,,,,548,,13
windscreen wiper rubber,277Primpke,Primpke et al. 2018,FTIR,,,,chunk,black,ATR,Natural /Synthetic Plastic/other rubber windscreen_wiper_rubber,Service Best International B.V.,,,,,,,,,,,,,,,549,,1
black broodcomb,278Primpke,Primpke et al. 2018,FTIR,,,,chunk,black,ATR,Natural /Synthetic Plastic/other honeycomb black_broodcomb,"Institut für Bienenkunde, Celle",,,,,,,,,,,,,,,550,,1
scoured wool  not made rough,279Primpke,Primpke et al. 2018,FTIR,,,,fibre,white,ATR,Natural /Synthetic Plastic/other fur scoured wool_ not_made_rough,Faserinstitut Bremen,,,,,,,,,,,,,,,551,,3
silicone seal reactor,280Primpke,Primpke et al. 2018,FTIR,,,,chunk,red,ATR,Natural /Synthetic Plastic/other silicone silicon_seal_reactor,a2tec GmbH,,,,,,,,,,,,,,,552,,10
fibre silk slubbing,281Primpke,Primpke et al. 2018,FTIR,,,,fibre,white,ATR,Natural /Synthetic Plastic/other animal fibre fibre_silk_slubbing,Faserinstitut Bremen,,,,,,,,,,,,,,,553,,3
resin dispersion,282Primpke,Primpke et al. 2018,FTIR,,,,foil,red,ATR,Natural /Synthetic Plastic/other resin dispersion resin_dispersion,Hammerite,,,,,,,,,,,,,,,554,,10
styrene acrylonitrile,283Primpke,Primpke et al. 2018,FTIR,,,,pellets,transparent,ATR,Natural /Synthetic Plastic/other styrene acrylonitrile styrene_acrylonitrile copolymer_25%,"Scientific Polymer Products, Inc.",,,,,,,,,,,,,,,555,,7
styrene acrylonitrile,284Primpke,Primpke et al. 2018,FTIR,,,,powder,white,ATR,Natural /Synthetic Plastic/other styrene acrylonitrile styrene_acrylonitrile copolymer_32%,"Scientific Polymer Products, Inc.",,,,,,,,,,,,,,,556,,7
styrene allyl alcohol,285Primpke,Primpke et al. 2018,FTIR,,,,chunks,white,ATR,Natural /Synthetic Plastic/other styrene allyl alcohol styrene_allyl alcohol copolymer,"Scientific Polymer Products, Inc.",,,,,,,,,,,,,,,557,,7
styrene butadiene,286Primpke,Primpke et al. 2018,FTIR,,,,crumbs,white,ATR,Natural /Synthetic Plastic/other styrene butadiene styrene_butadiene_ABA block copolymer,"Scientific Polymer Products, Inc.",,,,,,,,,,,,,,,558,,17
styrene butyl methacrylate,287Primpke,Primpke et al. 2018,FTIR,,,,powder,white,ATR,Natural /Synthetic Plastic/other styrene butyl methacrylate styrene_butyl methacrylate copolymer,"Scientific Polymer Products, Inc.",,,,,,,,,,,,,,,559,,5
styrene ethylene butylene,288Primpke,Primpke et al. 2018,FTIR,,,,crumbs,white,ATR,Natural /Synthetic Plastic/other styrene ethylene butylene styrene_ethylene_butylene_ABA block copolymer,"Scientific Polymer Products, Inc.",,,,,,,,,,,,,,,560,,1
styrene isoprene,289Primpke,Primpke et al. 2018,FTIR,,,,crumbs,white,ATR,Natural /Synthetic Plastic/other styrene isoprene styrene_isoprene_ABA block copolymer,"Scientific Polymer Products, Inc.",,,,,,,,,,,,,,,561,,8
styrene maleic anhydride,290Primpke,Primpke et al. 2018,FTIR,,,,powder,white,ATR,Natural /Synthetic Plastic/other styrene maleic anhydride styrene_maleic anhydride copolymer,"Scientific Polymer Products, Inc.",,,,,,,,,,,,,,,562,,7
styrene maleic anhydride partial methyl ester,291Primpke,Primpke et al. 2018,FTIR,,,,powder,white,ATR,Natural /Synthetic Plastic/other styrene maleic anhydride partial methyl ester styrene_maleic anhydride_partial methyl ester copolymer,"Scientific Polymer Products, Inc.",,,,,,,,,,,,,,,563,,7
fibre thermoplastic elastomere,292Primpke,Primpke et al. 2018,FTIR,,,,fibre,white,ATR,Natural /Synthetic Plastic/other thermoplastic elastomere TPE,Faserinstitut Bremen,,,,,,,,,,,,,,,564,,1
fibre turf,293Primpke,Primpke et al. 2018,FTIR,,,,fibre,brown,ATR,Natural /Synthetic Plastic/other plant fibre fibre_turf,Faserinstitut Bremen,,,,,,,,,,,,,,,565,,4
fibre tussah silk,294Primpke,Primpke et al. 2018,FTIR,,,,fibre,white,ATR,Natural /Synthetic Plastic/other animal fibre fibre_tussah_silk,Faserinstitut Bremen,,,,,,,,,,,,,,,566,,3
vinyl chloride vinyl acetate,295Primpke,Primpke et al. 2018,FTIR,,,,powder,white,ATR,Natural /Synthetic Plastic/other vinyl chloride vinyl acetate vinyl_chloride_vinyl_acetate,"Scientific Polymer Products, Inc.",,,,,,,,,,,,,,,567,,9
vinyl chloride vinyl acetate hydroxypropyl acrylate,296Primpke,Primpke et al. 2018,FTIR,,,,powder,white,ATR,Natural /Synthetic Plastic/other vinyl chloride vinyl acetate hydroxypropyl acrylate vinyl_chloride_vinyl_acetate_hydroxypropyl_acrylate,"Scientific Polymer Products, Inc.",,,,,,,,,,,,,,,568,,5
vinyl chloride vinyl acetate maleic acid,297Primpke,Primpke et al. 2018,FTIR,,,,powder,rose,ATR,Natural /Synthetic Plastic/other vinyl chloride vinyl acetate maleic acid vinyl_chloride_vinyl_acetate_maleic_acid,"Scientific Polymer Products, Inc.",,,,,,,,,,,,,,,569,,9
vinylidene chloride acrylonitrile,298Primpke,Primpke et al. 2018,FTIR,,,,granular,white,ATR,Natural /Synthetic Plastic/other vinylidene chloride acrylonitrile vinylidene_chloride_acrylonitrile,"Scientific Polymer Products, Inc.",,,,,,,,,,,,,,,570,,12
vinylidene chloride vinyl chloride,299Primpke,Primpke et al. 2018,FTIR,,,,powder,white,ATR,Natural /Synthetic Plastic/other polyvinylchloride vinylidene_chloride_vinyl_chloride,"Scientific Polymer Products, Inc.",,,,,,,,,,,,,,,571,,15
fibre viscose,300Primpke,Primpke et al. 2018,FTIR,,,,fibre,white,ATR,Natural /Synthetic Plastic/other viscose fibre_viscose,Faserinstitut Bremen,,,,,,,,,,,,,,,572,,4
fibre viscose dyed,301Primpke,Primpke et al. 2018,FTIR,,,,fibre,red,ATR,Natural /Synthetic Plastic/other viscose fibre_viscose_dyed,Faserinstitut Bremen,,,,,,,,,,,,,,,573,,4
fur wild boar,302Primpke,Primpke et al. 2018,FTIR,,,,fibre,brown,ATR,Natural /Synthetic Plastic/other fur fur_wild_boar,Faserinstitut bremen,,,,,,,,,,,,,,,574,,3
wool,303Primpke,Primpke et al. 2018,FTIR,,,,fibre,white,ATR,Natural /Synthetic Plastic/other fur wool,Faserinstitut Bremen,,,,,,,,,,,,,,,575,,3
wool slubbing fine,304Primpke,Primpke et al. 2018,FTIR,,,,fibre,white,ATR,Natural /Synthetic Plastic/other fur wool_slubbing_fine,Faserinstitut Bremen,,,,,,,,,,,,,,,576,,3
wool slubbing rough,305Primpke,Primpke et al. 2018,FTIR,,,,fibre,white,ATR,Natural /Synthetic Plastic/other fur wool_slubbing_rough,Faserinstitut Bremen,,,,,,,,,,,,,,,577,,3
wool sheep supersoft,306Primpke,Primpke et al. 2018,FTIR,,,,fibre,white,ATR,Natural /Synthetic Plastic/other fur wool_sheep_supersoft,Faserinstitut Bremen,,,,,,,,,,,,,,,578,,3
fur yak,307Primpke,Primpke et al. 2018,FTIR,,,,fibre,brown,ATR,Natural /Synthetic Plastic/other fur fur_yak,Faserinstitut Bremen,,,,,,,,,,,,,,,579,,3
fur yak bleached,308Primpke,Primpke et al. 2018,FTIR,,,,fibre,white,ATR,Natural /Synthetic Plastic/other fur fur_yak_bleached,Faserinstitut Bremen,,,,,,,,,,,,,,,580,,3
zein purified,309Primpke,Primpke et al. 2018,FTIR,,,,powder,yellow,ATR,Natural /Synthetic Plastic/other zein Zein_purified,"Scientific Polymer Products, Inc.",,,,,,,,,,,,,,,581,,3
cigarette filter,310Primpke,Primpke et al. 2018,FTIR,,,,chunk,white,ATR,Natural /Synthetic Plastic/other cellulose acetate cigarette_filter,Gizeh,,,,,,,,,,,,,,,582,,9
polyethylene high density,311Primpke,Primpke et al. 2018,FTIR,,,,pellet,"white, transparent",ATR,Natural /Synthetic Plastic/other polyethylene HDPE,Bayreuth University,,,,,,,,,,,,,,,583,,1
polyethylene low density,312Primpke,Primpke et al. 2018,FTIR,,,,pellet,"white, transparent",ATR,Natural /Synthetic Plastic/other polyethylene LPDE,Bayreuth University,,,,,,,,,,,,,,,584,,1
polyamide 66,313Primpke,Primpke et al. 2018,FTIR,,,,pellet,light yellow,ATR,Natural /Synthetic Plastic/other polyamide PA66,Bayreuth University,,,,,,,,,,,,,,,585,,1
polycarbonate,314Primpke,Primpke et al. 2018,FTIR,,,,pellet,transparent,ATR,Natural /Synthetic Plastic/other polycarbonate PC,Bayreuth University,,,,,,,,,,,,,,,586,,11
polyethylene terephthalate,315Primpke,Primpke et al. 2018,FTIR,,,,pellet,white,ATR,Natural /Synthetic Plastic/other polyethylene terephthalate PET,Bayreuth University,,,,,,,,,,,,,,,587,,2
polymethyl methacrylate,316Primpke,Primpke et al. 2018,FTIR,,,,pellet,transparent,ATR,Natural /Synthetic Plastic/other polymethyl methacrylate PMMA,Bayreuth University,,,,,,,,,,,,,,,588,,5
polypropylene,317Primpke,Primpke et al. 2018,FTIR,,,,pellet,"white, transparent",ATR,Natural /Synthetic Plastic/other polypropylene PP,Bayreuth University,,,,,,,,,,,,,,,589,,8
polystyrene,318Primpke,Primpke et al. 2018,FTIR,,,,pellet,transparent,ATR,Natural /Synthetic Plastic/other polystyrene PS,Bayreuth University,,,,,,,,,,,,,,,590,,7
polyvinylchloride,319Primpke,Primpke et al. 2018,FTIR,,,,powder,white,ATR,Natural /Synthetic Plastic/other polyvinylchloride PVC,Bayreuth University,,,,,,,,,,,,,,,591,,15
coal,320Primpke,Primpke et al. 2018,FTIR,,,,chunk,black,ATR,Natural /Synthetic Plastic/other coal C,Edeka,,,,,,,,,,,,,,,592,,16
coal,321Primpke,Primpke et al. 2018,FTIR,,,,chunk,black,ATR,Natural /Synthetic Plastic/other coal C,Edeka,,,,,,,,,,,,,,,593,,16
coal,322Primpke,Primpke et al. 2018,FTIR,,,,granular,black,ATR,Natural /Synthetic Plastic/other coal C,MPI für Kohlenforschung,,,,,,,,,,,,,,,594,,16
coal,323Primpke,Primpke et al. 2018,FTIR,,,,granular,black,ATR,Natural /Synthetic Plastic/other coal C,MPI für Kohlenforschung,,,,,,,,,,,,,,,595,,16
coal,324Primpke,Primpke et al. 2018,FTIR,,,,granular,black,ATR,Natural /Synthetic Plastic/other coal C,MPI für Kohlenforschung,,,,,,,,,,,,,,,596,,16
coal,325Primpke,Primpke et al. 2018,FTIR,,,,granular,black,ATR,Natural /Synthetic Plastic/other coal C,MPI für Kohlenforschung,,,,,,,,,,,,,,,597,,16
PVA with Kaolin clay,10,"Suja Sukumaran, Thermo Fisher Scientific",FTIR,,,,Particle,whitish,,Omnic Correlation: NA,,,,,,,,,,,,,,,,598,,10
Pthalate and propyl alcohol mix,11,"Suja Sukumaran, Thermo Fisher Scientific",FTIR,,,,fiber,clear,,Omnic Correlation: NA,,,,,,,,,,,,,,,,599,,5
polystyrene,12,"Suja Sukumaran, Thermo Fisher Scientific",FTIR,,,,fiber,black,,Omnic Correlation: 96,,,,,,,,,,,,,,,,600,,7
Polypropylene  with silicate mix,13,"Suja Sukumaran, Thermo Fisher Scientific",FTIR,,,,particle,blue,,Omnic Correlation: NA,,,,,,,,,,,,,,,,601,,8
Polyethylene,14,"Suja Sukumaran, Thermo Fisher Scientific",FTIR,,,,,,,Omnic Correlation: NA,,,,,,,,,,,,,,,,602,,1
Polyethereamide,15,"Suja Sukumaran, Thermo Fisher Scientific",FTIR,,,,particle,grey,,Omnic Correlation: 92,,,,,,,,,,,,,,,,603,,5
Polyester,16,"Suja Sukumaran, Thermo Fisher Scientific",FTIR,,,,fiber,blue,,Omnic Correlation: 91,,,,,,,,,,,,,,,,604,,2
Polyester,17,"Suja Sukumaran, Thermo Fisher Scientific",FTIR,,,,fiber,green,,Omnic Correlation: 92,,,,,,,,,,,,,,,,605,,2
polycarbonate,18,"Suja Sukumaran, Thermo Fisher Scientific",FTIR,,,,particle,blue,,Omnic Correlation: 93,,,,,,,,,,,,,,,,606,,11
Polyethylene,19,"Suja Sukumaran, Thermo Fisher Scientific",FTIR,,,,particle,brown,,Omnic Correlation: 99,,,,,,,,,,,,,,,,607,,1
papercup_cellulosic,2,"Suja Sukumaran, Thermo Fisher Scientific",FTIR,,,,particle,brown,,Omnic Correlation: 90,,,,,,,,,,,,,,,,608,,4
polyethylene,20,"Suja Sukumaran, Thermo Fisher Scientific",FTIR,,,,particle,white,,Omnic Correlation: 99,,,,,,,,,,,,,,,,609,,1
polu butadiene acrylonitrile,21,"Suja Sukumaran, Thermo Fisher Scientific",FTIR,,,,particle,black,,Omnic Correlation: 99,,,,,,,,,,,,,,,,610,,17
Plumbers tape sealing putty,22,"Suja Sukumaran, Thermo Fisher Scientific",FTIR,,,,particle,white,,Omnic Correlation: 90,,,,,,,,,,,,,,,,611,,24
polyesterterpthalate,24,"Suja Sukumaran, Thermo Fisher Scientific",FTIR,,,,fiber,transparent,,Omnic Correlation: 92,,,,,,,,,,,,,,,,612,,2
poly(ethylene terepthalate),25,"Suja Sukumaran, Thermo Fisher Scientific",FTIR,,,,fiber,transparent,,Omnic Correlation: 96,,,,,,,,,,,,,,,,613,,2
PET,26,"Suja Sukumaran, Thermo Fisher Scientific",FTIR,,,,fiber,green,,Omnic Correlation: 95,,,,,,,,,,,,,,,,614,,2
polyesterterpthalate,27,"Suja Sukumaran, Thermo Fisher Scientific",FTIR,,,,particle,green,,Omnic Correlation: 96,,,,,,,,,,,,,,,,615,,2
PE+silicate+bio,28,"Suja Sukumaran, Thermo Fisher Scientific",FTIR,,,,particle,green,,Omnic Correlation: NA,,,,,,,,,,,,,,,,616,,1
PE with silicate inorganic,29,"Suja Sukumaran, Thermo Fisher Scientific",FTIR,,,,particle,clear/transparent,,Omnic Correlation: NA,,,,,,,,,,,,,,,,617,,1
Polyethylene with acryloid and pthalocyanine (blue),30,"Suja Sukumaran, Thermo Fisher Scientific",FTIR,,,,particle,blue color,,Omnic Correlation: NA,,,,,,,,,,,,,,,,618,,1
PDMS,31,"Suja Sukumaran, Thermo Fisher Scientific",FTIR,,,,particle,transparent,,Omnic Correlation: 88,,,,,,,,,,,,,,,,619,,10
PDMS,32,"Suja Sukumaran, Thermo Fisher Scientific",FTIR,,,,particle,clear/transparent,,Omnic Correlation: 87,,,,,,,,,,,,,,,,620,,10
nitrocellulose,33,"Suja Sukumaran, Thermo Fisher Scientific",FTIR,,,,fiber,white,,Omnic Correlation: 95,,,,,,,,,,,,,,,,621,,18
Nitrocellulose,34,"Suja Sukumaran, Thermo Fisher Scientific",FTIR,,,,Particle,white,,Omnic Correlation: 98,,,,,,,,,,,,,,,,622,,18
leaf-plant-,35,"Suja Sukumaran, Thermo Fisher Scientific",FTIR,,,,particle,brown,,Omnic Correlation: 90,,,,,,,,,,,,,,,,623,,4
cellulose,36,"Suja Sukumaran, Thermo Fisher Scientific",FTIR,,,,particle,grey,,Omnic Correlation: 90,,,,,,,,,,,,,,,,624,,4
cellulose,37,"Suja Sukumaran, Thermo Fisher Scientific",FTIR,,,,fiber,grayish,,Omnic Correlation: 92,,,,,,,,,,,,,,,,625,,4
Cardboard/cellulose,38,"Suja Sukumaran, Thermo Fisher Scientific",FTIR,,,,particle,brown,,Omnic Correlation: 89,,,,,,,,,,,,,,,,626,,4
Teflon/PTFE,4,"Suja Sukumaran, Thermo Fisher Scientific",FTIR,,,,particle,white,,Omnic Correlation: 98,,,,,,,,,,,,,,,,627,,6
Acrylic,40,"Suja Sukumaran, Thermo Fisher Scientific",FTIR,,,,Fiber,red,,Omnic Correlation: 86,,,,,,,,,,,,,,,,628,,9
Polyethylene,41,"Suja Sukumaran, Thermo Fisher Scientific",FTIR,,,,particle,clear,,Omnic Correlation: 99,,,,,,,,,,,,,,,,629,,1
Cellulose,42,"Suja Sukumaran, Thermo Fisher Scientific",FTIR,,,,fiber,black,,Omnic Correlation: 87,,,,,,,,,,,,,,,,630,,4
Acrylic,43,"Suja Sukumaran, Thermo Fisher Scientific",FTIR,,,,fiber,black,,Omnic Correlation: 88,,,,,,,,,,,,,,,,631,,9
Polyether urethane with additives,47,"Suja Sukumaran, Thermo Fisher Scientific",FTIR,,,,particle,grey,,Omnic Correlation: NA,,,,,,,,,,,,,,,,632,,13
PMMA,48,"Suja Sukumaran, Thermo Fisher Scientific",FTIR,,,,particle,white,,Omnic Correlation: 97,,,,,,,,,,,,,,,,633,,5
Teflon/PTFE,5,"Suja Sukumaran, Thermo Fisher Scientific",FTIR,,,,particle,clear/transparent,,Omnic Correlation: 98,,,,,,,,,,,,,,,,634,,6
Styrofoam,6,"Suja Sukumaran, Thermo Fisher Scientific",FTIR,,,,particle,white,,Omnic Correlation: 92,,,,,,,,,,,,,,,,635,,7
silicone/PDMS,7,"Suja Sukumaran, Thermo Fisher Scientific",FTIR,,,,particle,red,,Omnic Correlation: 90,,,,,,,,,,,,,,,,636,,10
